question,document_id,primary_topic,secondary_topic,weight_1,weight_2,weight_3,weight_4,weight_5,weight_6,weight_7
Q14,D0001,"Hybrid roles, tanking, and damage",Class identity and distinctiveness,0.013414558498685197,0.0,0.0,0.0,0.0,0.0,0.0
Q14,D0002,APM and skill expression,Engaging active rotation,0.0,0.0,0.3021654242857124,0.0,0.0,0.0008457425875246701,0.0
Q14,D0003,Energy waiting and downtime,Engaging active rotation,0.0,0.0,0.0,0.0,0.07314148076782857,0.005923737926188532,0.0
Q14,D0004,APM and skill expression,Engaging active rotation,0.0,0.0,0.14761612100734972,0.0,0.0,0.06766643493950758,0.0
Q14,D0005,"Hybrid roles, tanking, and damage",Class identity and distinctiveness,0.02857897817552503,0.0,0.0,0.0,0.0,0.0,0.0
Q14,D0006,"Hybrid roles, tanking, and damage",Engaging active rotation,0.07424513308975414,0.0,0.0,0.0,0.0,0.030318700871817664,0.0
Q14,D0007,Engaging active rotation,Class identity and distinctiveness,0.0,0.0,0.0,0.0,0.0,0.2141751867691188,0.0
Q14,D0008,"Hybrid roles, tanking, and damage",Class identity and distinctiveness,0.12584146243271427,0.0,0.0,0.0,0.0,0.0,0.0
Q14,D0009,Energy waiting and downtime,Slow or boring rotation,0.0,0.0,0.0,0.053111262542683724,0.07980291703910927,0.0328668297306178,0.0
Q14,D0010,"Hybrid roles, tanking, and damage","Powershifting, engagement, and identity",0.047907139613927965,0.031465459966790794,0.0,0.0,0.0,0.0,0.0
Q14,D0011,"Hybrid roles, tanking, and damage",Engaging active rotation,0.0,0.0,0.0,0.0,0.0,0.0,0.0
Q14,D0012,Energy waiting and downtime,Class identity and distinctiveness,0.0,0.0,0.0,0.0,0.013368593619557795,0.0,0.0
Q14,D0013,"Hybrid roles, tanking, and damage",Class identity and distinctiveness,0.10496961718504436,0.0,0.0,0.0,0.0,0.0,0.0
Q14,D0014,"Hybrid roles, tanking, and damage",Class identity and distinctiveness,0.016802605030396645,0.0,0.0,0.0,0.0,0.0,0.0
Q14,D0015,Energy waiting and downtime,"Hybrid roles, tanking, and damage",0.005677984621169055,0.0,0.0,0.0,0.010917701561857066,0.0,0.00018778946733161086
Q14,D0016,"Hybrid roles, tanking, and damage",Class identity and distinctiveness,0.11409245791704485,0.0,0.0,0.0,0.0,0.0,0.0
Q14,D0017,Engaging active rotation,Class identity and distinctiveness,0.0,0.0,0.0,0.0,0.0,0.35097730220234524,0.0
Q14,D0018,"Hybrid roles, tanking, and damage",Class identity and distinctiveness,0.0653023356202422,0.0,0.0,0.0,0.0,0.0,0.0
Q14,D0019,APM and skill expression,Class identity and distinctiveness,0.0,0.0,0.13019532436846287,0.0,0.0,0.0,0.0
Q14,D0020,"Powershifting, engagement, and identity",Engaging active rotation,0.0,0.11152635177040236,0.0,0.0,0.0,0.06949879177068906,0.0
Q14,D0021,Energy waiting and downtime,Class identity and distinctiveness,0.0,0.0,0.0,0.0,0.04123656473291129,0.0,0.0
Q14,D0022,APM and skill expression,Class identity and distinctiveness,0.0,0.0,0.10204077221880238,0.0,0.0023694173428627473,0.0,0.016993255010924527
Q14,D0023,"Hybrid roles, tanking, and damage",Class identity and distinctiveness,0.014603061608803893,0.0,0.0,0.0,0.0,0.0,0.0
Q14,D0024,Energy waiting and downtime,Class identity and distinctiveness,0.0,0.0,0.0,0.0,0.00660947067094007,0.0,0.0
Q14,D0025,Engaging active rotation,"Hybrid roles, tanking, and damage",0.008456587310047618,0.0,0.0,0.0,0.0,0.06756848576905986,0.0010852226949734766
Q14,D0026,Energy waiting and downtime,Class identity and distinctiveness,0.0,0.0,0.0,0.0,0.06441750279935422,0.0,0.0
Q14,D0027,Energy waiting and downtime,Engaging active rotation,0.00047957100101162934,0.0,0.0,0.0,0.03258313565078432,0.013699274638927022,0.0
Q14,D0028,APM and skill expression,Class identity and distinctiveness,0.00572351588330883,0.0,0.13799932520031513,0.0,0.0037550456206340887,0.004813773423967508,0.03541653424413307
Q14,D0029,APM and skill expression,Class identity and distinctiveness,0.0,0.0,0.18462062907352306,0.0,0.0,0.0,0.0
Q14,D0030,Class identity and distinctiveness,Energy waiting and downtime,0.004450497072632018,0.0,0.0,0.0,0.015804336571276407,0.0,0.038914579776464564
Q14,D0031,Energy waiting and downtime,Slow or boring rotation,0.0,0.0,0.0,0.029854111764657073,0.05571847578116282,0.0,0.0
Q14,D0032,"Powershifting, engagement, and identity","Hybrid roles, tanking, and damage",0.016171277753595295,0.042812020123019094,0.0,0.0,0.0,0.0,0.0
Q14,D0033,"Powershifting, engagement, and identity",Energy waiting and downtime,0.0048351719599094714,0.07550773912700692,0.0,0.0,0.007488912859314516,0.0,0.0
Q14,D0034,Class identity and distinctiveness,"Hybrid roles, tanking, and damage",0.003194202503052164,0.0,0.0,0.0,0.0,0.0,0.05442385022083158
Q14,D0035,Class identity and distinctiveness,APM and skill expression,0.0,0.04335601833394035,0.11736436017028305,0.0,0.0,0.0947974968576962,0.12253758913324139
Q14,D0036,Engaging active rotation,"Hybrid roles, tanking, and damage",0.02562554928864627,0.0,0.0,0.0,0.0,0.02983846103881535,0.0
Q14,D0037,APM and skill expression,Class identity and distinctiveness,0.0,0.04697764645612648,0.12356155749584002,0.0,0.0,0.0,0.06405304811830446
Q14,D0038,"Hybrid roles, tanking, and damage",Engaging active rotation,0.0,0.0,0.0,0.0,0.0,0.0,0.0
Q14,D0039,"Hybrid roles, tanking, and damage",Energy waiting and downtime,0.03019296885570933,0.0,0.0,0.0,0.0015009823779212974,0.0,0.0
Q14,D0040,APM and skill expression,Class identity and distinctiveness,0.0,0.0,0.1602263148599383,0.0,0.0,0.0,0.06045724446260542
Q14,D0041,Energy waiting and downtime,Class identity and distinctiveness,0.0,0.0,0.0,0.0,0.15546352397998373,0.0,0.0
Q14,D0042,"Hybrid roles, tanking, and damage",Engaging active rotation,0.0,0.0,0.0,0.0,0.0,0.0,0.0
Q14,D0043,APM and skill expression,"Hybrid roles, tanking, and damage",0.0003380312497855173,0.0,0.005156719704618329,0.0,0.0,0.0,0.0
Q14,D0044,Energy waiting and downtime,Slow or boring rotation,0.0,0.0,0.0,0.029854111764657073,0.05571847578116282,0.0,0.0
Q14,D0045,Energy waiting and downtime,Slow or boring rotation,0.0,0.0,0.0,0.1553545364969999,0.19989619769102676,0.0,0.0
Q14,D0046,"Powershifting, engagement, and identity",Class identity and distinctiveness,0.0,0.10909206959884789,0.0,0.0,0.0,0.0,0.0
Q14,D0047,Energy waiting and downtime,"Hybrid roles, tanking, and damage",0.08509215638630888,0.0,0.0,0.07271663171735966,0.08591271335752526,0.0,0.012560888070729583
Q14,D0048,"Hybrid roles, tanking, and damage",Class identity and distinctiveness,0.10655524679078808,0.0,0.0,0.0,0.0,0.0,0.0
Q14,D0049,Slow or boring rotation,Energy waiting and downtime,0.03910133170032966,0.0,0.0,0.07887867378283361,0.0603340525084179,0.0,0.0
Q14,D0050,"Hybrid roles, tanking, and damage",Engaging active rotation,0.0,0.0,0.0,0.0,0.0,0.0,0.0
Q14,D0051,Energy waiting and downtime,Engaging active rotation,0.0003201486711092004,0.0,0.0,0.0,0.07100664214307689,0.014096828431722835,0.0
Q14,D0052,Energy waiting and downtime,"Hybrid roles, tanking, and damage",0.009302852402147661,0.0,0.0,0.0,0.09711425039619763,0.0,0.0
Q14,D0053,"Powershifting, engagement, and identity",Class identity and distinctiveness,0.0,0.11381181770769458,0.0,0.0,0.0,0.0,0.0
Q14,D0054,APM and skill expression,Class identity and distinctiveness,0.011148160836743434,0.0,0.10963440243015903,0.0,0.0,0.0,0.014917515024199182
Q14,D0055,"Powershifting, engagement, and identity",Energy waiting and downtime,0.0,0.09324468384297371,0.0,0.0014616115613984891,0.04540406055110589,0.01532941529411004,0.0
Q14,D0056,Class identity and distinctiveness,"Hybrid roles, tanking, and damage",0.004146839744492657,0.0,0.0,0.0,0.0,0.0,0.01528668922391694
Q14,D0057,Class identity and distinctiveness,Energy waiting and downtime,0.0,0.0,0.0,0.0,0.024168020644506426,0.004047235369545702,0.03569913041460774
Q14,D0058,Slow or boring rotation,Energy waiting and downtime,0.0,0.0,0.0,0.20783436182827514,0.013567140631679483,0.0,0.0
Q14,D0059,Energy waiting and downtime,"Hybrid roles, tanking, and damage",0.004928424586282368,0.0,0.0,0.0,0.020063949913894895,0.0,0.0
Q14,D0060,Engaging active rotation,Class identity and distinctiveness,0.0,0.0,0.0,0.0,0.0,0.04992452072978762,0.0
Q14,D0061,Energy waiting and downtime,Class identity and distinctiveness,0.0,0.0,0.0,0.0,0.002763877707054088,0.0,0.0
Q14,D0062,"Hybrid roles, tanking, and damage",Class identity and distinctiveness,0.09131391847639175,0.0,0.0,0.0,0.0,0.025544557395073896,0.05995923001583558
Q14,D0063,"Hybrid roles, tanking, and damage",Class identity and distinctiveness,0.09338406885877587,0.0,0.0,0.0,0.0,0.0,0.007499965298244824
Q14,D0064,Energy waiting and downtime,"Powershifting, engagement, and identity",0.0,0.053922014981431926,0.0,0.0,0.12821358583940762,0.0,0.0
Q14,D0065,"Hybrid roles, tanking, and damage",Class identity and distinctiveness,0.020720723045738028,0.0,0.004838875886305172,0.0,0.0,0.0,0.012691942311802632
Q14,D0066,Engaging active rotation,APM and skill expression,0.0,0.0,0.02506878282313652,0.0,0.0,0.037906621523692986,0.0
Q14,D0067,Energy waiting and downtime,"Hybrid roles, tanking, and damage",0.009010754327616435,0.0,0.0,0.0,0.02717676904654391,0.0,0.0
Q14,D0068,Engaging active rotation,Class identity and distinctiveness,0.006687560747918035,0.0,0.0,0.0,0.00032415440839791293,0.010941878902266866,0.01027010263048145
Q14,D0069,Engaging active rotation,Class identity and distinctiveness,0.0,0.0,0.0,0.0,0.003988384239851763,0.09285403499785579,0.0898839613114882
Q14,D0070,Energy waiting and downtime,"Powershifting, engagement, and identity",0.01897540373248594,0.03388531829325635,0.0,0.0,0.05124234080988171,0.0,0.0
Q14,D0071,Class identity and distinctiveness,"Powershifting, engagement, and identity",0.01696372277417002,0.03862034722960784,0.0,0.0,0.0,0.0,0.11273803635819982
Q14,D0072,"Hybrid roles, tanking, and damage",Class identity and distinctiveness,0.0116475411973089,0.0,0.0,0.0,0.0,0.0,0.0
Q14,D0073,Engaging active rotation,Energy waiting and downtime,0.0,0.0,0.0,0.0,0.0077797697121072375,0.040126296529193174,0.0
Q14,D0074,"Hybrid roles, tanking, and damage",Class identity and distinctiveness,0.02015738714930172,0.0,0.0,0.0,0.0,0.0,0.0
Q14,D0075,Engaging active rotation,"Powershifting, engagement, and identity",0.02571647137539806,0.05592687665244023,0.0037802847080803735,0.0,0.04452014851681548,0.07942506703608507,0.0
Q14,D0076,Energy waiting and downtime,Engaging active rotation,0.0,0.0,0.0,0.0,0.05509117015577068,0.045194739210199154,0.012283497316691008
Q14,D0077,"Hybrid roles, tanking, and damage",Class identity and distinctiveness,0.051342895784945886,0.0,0.0,0.0,0.0,0.0,0.0
Q14,D0078,APM and skill expression,Class identity and distinctiveness,0.0,0.0,0.2775780157203473,0.0,0.0,0.0,0.0
Q14,D0079,APM and skill expression,Energy waiting and downtime,0.009180639799170878,0.0,0.10038246090587168,0.05762084026611485,0.08349730002993604,0.07783517962103449,0.02713071193429277
Q14,D0080,Energy waiting and downtime,"Hybrid roles, tanking, and damage",0.04304574631402998,0.0,0.0,0.0,0.09511112578690083,0.0,0.0
Q14,D0081,"Powershifting, engagement, and identity",Class identity and distinctiveness,0.0,0.08072924288207138,0.0,0.0,0.0,0.0,0.0
Q14,D0082,Class identity and distinctiveness,Engaging active rotation,0.0,0.0,0.0,0.0,0.0,0.0,0.23656743296315094
Q14,D0083,APM and skill expression,Slow or boring rotation,0.0,0.04435506557842749,0.07359376088372444,0.07217057666058191,0.0,0.0,0.0
Q14,D0084,Energy waiting and downtime,"Powershifting, engagement, and identity",0.0,0.04077208855622479,0.0,0.0,0.04819197595641,0.0,0.0
Q14,D0085,APM and skill expression,"Hybrid roles, tanking, and damage",0.04779478247060428,0.017361397879168575,0.15878838702707312,0.0,0.0,0.0,0.01257502438702675
Q14,D0086,Energy waiting and downtime,Slow or boring rotation,0.0,0.0,0.0,0.0033442237986623367,0.021959709969103843,0.0,0.0
Q14,D0087,Slow or boring rotation,Engaging active rotation,0.0,0.0,0.0,0.18120778281779806,0.0,0.12852961969437118,0.0
Q14,D0088,Engaging active rotation,"Hybrid roles, tanking, and damage",0.04715065687691179,0.0,0.0,0.0,0.0,0.12321075378894343,0.0
Q14,D0089,"Hybrid roles, tanking, and damage",Energy waiting and downtime,0.05475883038700074,0.0,0.0,0.0,0.011082342874882972,0.0,0.0
Q14,D0090,"Powershifting, engagement, and identity",Engaging active rotation,0.0,0.04912923459882696,0.022436459805589722,0.0,0.0,0.039028678168601234,0.0
Q14,D0091,Engaging active rotation,Class identity and distinctiveness,0.016456818355190424,0.0,0.0,0.0,0.0,0.08822612348797217,0.039411390692015824
Q14,D0092,Engaging active rotation,Class identity and distinctiveness,0.0,0.0,0.0,0.0,0.0,0.09149315665678119,0.0
Q14,D0093,Slow or boring rotation,Engaging active rotation,0.0,0.0,0.0,0.21837621846977492,0.0,0.14568741566125956,0.0
Q14,D0094,Engaging active rotation,"Hybrid roles, tanking, and damage",0.02806024470924908,0.0,0.0,0.0,0.007634146675360772,0.037633676221022296,0.013819406392797304
Q14,D0095,Energy waiting and downtime,"Powershifting, engagement, and identity",0.0,0.03695252269298941,0.0,0.0,0.039040690755816884,0.0,0.0
Q14,D0096,Slow or boring rotation,Engaging active rotation,0.025376098147424954,0.0,0.0,0.15099628923876177,0.0,0.10389192836480363,0.0
Q14,D0097,Energy waiting and downtime,Engaging active rotation,0.002845773391056852,0.0,0.0016306075046640842,0.0,0.07162722433566754,0.013484458322851821,0.0
Q14,D0098,"Hybrid roles, tanking, and damage",Energy waiting and downtime,0.03607167041096625,0.0,0.0,0.0,0.009476854615923817,0.0,0.0
Q14,D0099,APM and skill expression,Energy waiting and downtime,0.012210410040914802,0.0,0.09400785931912821,0.0,0.05673760600457469,0.0,0.018493078471797042
Q14,D0100,"Hybrid roles, tanking, and damage",Engaging active rotation,0.0,0.0,0.0,0.0,0.0,0.0,0.0
Q14,D0101,"Hybrid roles, tanking, and damage",Class identity and distinctiveness,0.042050621194790555,0.0,0.0,0.0,0.0,0.0,0.0
Q14,D0102,Energy waiting and downtime,"Hybrid roles, tanking, and damage",0.0013502004370363173,0.0,0.0,0.0,0.008668359040217906,0.0,0.0
Q14,D0103,Energy waiting and downtime,Class identity and distinctiveness,0.0003662321840602372,0.0,0.0,0.0,0.07590626113235457,0.041349958145572664,0.05775209628589293
Q14,D0104,Engaging active rotation,Class identity and distinctiveness,0.0,0.0,0.0,0.0,0.0,0.18275851524656306,0.0
Q14,D0105,"Hybrid roles, tanking, and damage",Class identity and distinctiveness,0.05614142954146836,0.0,0.0,0.0,0.0,0.0,0.0
Q14,D0106,Class identity and distinctiveness,Slow or boring rotation,0.04265945073316603,0.0,0.0,0.09563510225901817,0.0,0.0744067925613884,0.11652951924447637
Q14,D0107,Class identity and distinctiveness,"Powershifting, engagement, and identity",0.01958805877897622,0.06964779902533427,0.0,0.0,0.0,0.0,0.08290843309203716
Q14,D0108,Energy waiting and downtime,Engaging active rotation,0.0,0.0,0.0,0.0,0.14539282898476172,0.044545633682690905,0.0
Q14,D0109,"Hybrid roles, tanking, and damage",Class identity and distinctiveness,0.14526097406472221,0.0,0.0,0.0,0.0,0.0,0.09756618817227553
Q14,D0110,"Powershifting, engagement, and identity",Class identity and distinctiveness,0.0,0.12100263016770316,0.0,0.0,0.0,0.0,0.0
Q14,D0111,Slow or boring rotation,Engaging active rotation,0.0,0.0,0.0,0.1552523960859196,0.009795542261709507,0.06813304312555171,0.0
Q14,D0112,"Hybrid roles, tanking, and damage","Powershifting, engagement, and identity",0.12454921784559332,0.06094657744099259,0.0,0.0,0.0,0.0,0.0
Q14,D0113,APM and skill expression,Energy waiting and downtime,0.0051882133725160715,0.0,0.09568428342447498,0.0,0.0055241898733490915,0.0006102091295422425,0.0
Q14,D0114,"Hybrid roles, tanking, and damage",Class identity and distinctiveness,0.15776899891091598,0.0,0.0,0.0,0.0,0.0,0.0
Q14,D0115,"Powershifting, engagement, and identity","Hybrid roles, tanking, and damage",0.16619608581309697,0.2516796252617192,0.0,0.0,0.0,0.0,0.0
Q14,D0116,Energy waiting and downtime,Class identity and distinctiveness,0.039851570724509074,0.0,0.0,0.0,0.09828934525766672,0.05748967312095417,0.05976033858025734
Q14,D0117,"Hybrid roles, tanking, and damage",Class identity and distinctiveness,0.020861910342353053,0.0,0.0,0.0,0.0,0.0,0.01174978021226039
Q14,D0118,Energy waiting and downtime,"Hybrid roles, tanking, and damage",0.051231009807128636,0.029484735050497698,0.003096555793813273,0.0,0.0724119683092144,0.005373917620823282,0.0
Q14,D0119,"Hybrid roles, tanking, and damage",Engaging active rotation,0.0,0.0,0.0,0.0,0.0,0.0,0.0
Q14,D0120,"Hybrid roles, tanking, and damage",Engaging active rotation,0.031638973875534666,0.0,0.0,0.0,0.0,0.001737025209453327,0.0
Q14,D0121,"Hybrid roles, tanking, and damage",Engaging active rotation,0.0,0.0,0.0,0.0,0.0,0.0,0.0
Q14,D0122,APM and skill expression,"Hybrid roles, tanking, and damage",0.030320937090045706,0.0,0.14655583195039382,0.0,0.0,0.0,0.0
Q14,D0123,"Powershifting, engagement, and identity","Hybrid roles, tanking, and damage",0.0005995278083526246,0.05362955935304343,0.0,0.0,0.0,0.0,0.0
Q14,D0124,"Hybrid roles, tanking, and damage",Class identity and distinctiveness,0.07786866921766436,0.0,0.0,0.0,0.0,0.0,0.0
Q14,D0125,"Hybrid roles, tanking, and damage",Class identity and distinctiveness,0.034395041050520596,0.0,0.0,0.0,0.0,0.0,0.02816048908362498
Q14,D0126,"Hybrid roles, tanking, and damage",Class identity and distinctiveness,0.02408014594369675,0.0,0.0,0.0,0.0,0.0,0.0
Q14,D0127,Slow or boring rotation,APM and skill expression,0.0,0.0,0.0175708743476649,0.12493163646894588,0.0,0.0,0.0
Q14,D0128,Energy waiting and downtime,"Hybrid roles, tanking, and damage",0.0022429656697992993,0.0,0.0,0.0,0.06015235443624246,0.0,0.0
Q14,D0129,Energy waiting and downtime,Class identity and distinctiveness,0.0,0.0,0.0,0.0,0.18882364767105467,0.0,0.0
Q14,D0130,"Powershifting, engagement, and identity",Class identity and distinctiveness,0.0,0.39340158463872044,0.0,0.0,0.0,0.0,0.0
Q14,D0131,"Powershifting, engagement, and identity",Class identity and distinctiveness,0.0,0.18451902551018212,0.0,0.0,0.0,0.10200998704680074,0.18402282979735968
Q14,D0132,"Powershifting, engagement, and identity",Class identity and distinctiveness,0.011014906284954253,0.05227805196162931,0.0,0.0,0.017929265469110882,0.038574267520550314,0.05122611993267419
Q14,D0133,"Hybrid roles, tanking, and damage",Engaging active rotation,0.0,0.0,0.0,0.0,0.0,0.0,0.0
Q14,D0134,"Hybrid roles, tanking, and damage",Energy waiting and downtime,0.02448265982974435,0.0,0.0,0.0,0.00030918197865891205,0.0,0.0
Q14,D0135,APM and skill expression,"Powershifting, engagement, and identity",0.0,0.04036384760630806,0.06324192178502117,0.0,0.0,0.03390185543869729,0.021324773043929234
Q14,D0136,Slow or boring rotation,"Hybrid roles, tanking, and damage",0.04095601765981924,0.0,0.0,0.1252525647767236,0.0,0.0,0.0
Q14,D0137,Class identity and distinctiveness,Engaging active rotation,0.001179077914324812,0.0,0.0014830803113695336,0.0,0.004754900672250294,0.006166557429644662,0.11742104587355148
Q14,D0138,"Hybrid roles, tanking, and damage","Powershifting, engagement, and identity",0.07840301736587277,0.04596707285515709,0.0,0.0,0.0,0.0,0.0
Q14,D0139,Energy waiting and downtime,Class identity and distinctiveness,0.0,0.0,0.0,0.0,0.06452244050499913,0.0,0.0
Q14,D0140,"Powershifting, engagement, and identity",Energy waiting and downtime,0.002354832764093266,0.06703571096426772,0.0,0.0,0.0061723778762858205,0.0,0.0
Q14,D0141,APM and skill expression,"Powershifting, engagement, and identity",0.019190459374382157,0.06884123660465556,0.08307421597357696,0.0,0.033959794110245085,0.04043853195822202,0.005464182737751237
Q14,D0142,Class identity and distinctiveness,"Hybrid roles, tanking, and damage",0.007418916896632489,0.0,0.0,0.0,0.0,0.0,0.011631962251402393
Q14,D0143,"Hybrid roles, tanking, and damage",Class identity and distinctiveness,0.058441521862406295,0.0,0.0,0.0,0.03458044827991702,0.0024596869414151897,0.051059259600057284
Q14,D0144,Slow or boring rotation,Class identity and distinctiveness,0.0,0.0,0.0,0.14383216941039056,0.0,0.0,0.0
Q14,D0145,Energy waiting and downtime,Class identity and distinctiveness,0.02440571797356765,0.0,0.0,0.0,0.09057779033033501,0.0,0.05030159089579388
Q14,D0146,Engaging active rotation,"Hybrid roles, tanking, and damage",0.034709304248350475,0.0,0.0,0.0,0.03366753236616366,0.04787379113880031,0.0
Q14,D0147,Engaging active rotation,"Hybrid roles, tanking, and damage",0.00036476462552079733,0.0,0.0,0.0,0.0,0.1544637009945982,0.0
Q14,D0148,Engaging active rotation,"Hybrid roles, tanking, and damage",0.04230735578679396,0.0,0.0,0.0,0.020790224769861143,0.07505158640570823,0.0
Q14,D0149,Engaging active rotation,"Hybrid roles, tanking, and damage",0.027811660155427357,0.0,0.0,0.0,0.0,0.03869240935669198,0.0
Q14,D0150,"Hybrid roles, tanking, and damage",Engaging active rotation,0.0,0.0,0.0,0.0,0.0,0.0,0.0
Q14,D0151,Energy waiting and downtime,"Hybrid roles, tanking, and damage",0.08663025823898106,0.053612328308964806,0.0,0.04433923436697634,0.12885858034109343,0.005136689354538055,0.0
Q14,D0152,"Hybrid roles, tanking, and damage",Class identity and distinctiveness,0.13955510904198254,0.0,0.0,0.0,0.0,0.0,0.0
Q14,D0153,Class identity and distinctiveness,Engaging active rotation,0.0,0.0,0.0,0.0,0.0,0.0,0.12938455231071985
Q14,D0154,Energy waiting and downtime,Class identity and distinctiveness,0.0,0.0,0.0,0.0,0.0944593258721668,0.0,0.0
Q14,D0155,"Powershifting, engagement, and identity",Class identity and distinctiveness,0.0,0.1848885776391237,0.0,0.0,0.0,0.0,0.0
Q14,D0156,"Hybrid roles, tanking, and damage",APM and skill expression,0.11089011654444049,0.0296221879608411,0.049275838144385194,0.0,0.02432222361647772,0.012064028526731631,0.013594382557724298
Q14,D0157,"Hybrid roles, tanking, and damage",Slow or boring rotation,0.13746395656860458,0.0,0.0,0.09561426992305938,0.0,0.0,0.0
Q14,D0158,"Powershifting, engagement, and identity",Engaging active rotation,0.04909326891007178,0.07437843513424708,0.0,0.0,0.0,0.055242117139808186,0.03477308738399759
Q14,D0159,"Hybrid roles, tanking, and damage",Class identity and distinctiveness,0.1250019003584651,0.0,0.0,0.0,0.0,0.0,0.0
Q14,D0160,Engaging active rotation,Energy waiting and downtime,0.0,0.0,0.023300684475913266,0.0,0.04899565450314399,0.06614609722935179,0.024554261909698446
Q14,D0161,Energy waiting and downtime,Slow or boring rotation,0.0,0.0,0.0,0.11900579384041277,0.1772782830538597,0.0,0.0
Q14,D0162,Energy waiting and downtime,Slow or boring rotation,0.00042121431187897376,0.0,0.0,0.09747218752229847,0.1115257604446351,0.03641973970265224,0.0
Q14,D0163,"Hybrid roles, tanking, and damage",Engaging active rotation,0.0,0.0,0.0,0.0,0.0,0.0,0.0
Q14,D0164,Slow or boring rotation,Engaging active rotation,0.0,0.0,0.0,0.1972911958867097,0.0,0.12099307847358827,0.0
Q14,D0165,Class identity and distinctiveness,Energy waiting and downtime,0.0,0.0,0.0,0.0,0.0016835495849052051,0.0,0.019309724793152287
Q14,D0166,"Hybrid roles, tanking, and damage",Engaging active rotation,0.07950741775113787,0.0,0.0,0.0,0.0,0.05540633816502331,0.0
Q14,D0167,Engaging active rotation,"Hybrid roles, tanking, and damage",0.044650811357364165,0.023202989511799207,0.0,0.0,0.0028432962060567,0.06900125115144974,0.0
Q14,D0168,"Hybrid roles, tanking, and damage",Engaging active rotation,0.0,0.0,0.0,0.0,0.0,0.0,0.0
Q14,D0169,"Hybrid roles, tanking, and damage",Class identity and distinctiveness,0.01794480882075781,0.0,0.0,0.0,0.0,0.0,0.0
Q14,D0170,"Hybrid roles, tanking, and damage",Class identity and distinctiveness,0.17211557661387045,0.0,0.0,0.0,0.0027873025721414264,0.0,0.027109698257524763
Q14,D0171,Engaging active rotation,"Powershifting, engagement, and identity",0.0,0.06433539055986529,0.0,0.0,0.0,0.08834367620540286,0.0
Q14,D0172,APM and skill expression,Class identity and distinctiveness,0.0,0.0,0.3536886691297909,0.0,0.0,0.0,0.0
Q14,D0173,Slow or boring rotation,Energy waiting and downtime,0.0,0.0,0.0,0.11404085246121283,0.021682707364559725,0.0,0.0
Q14,D0174,Class identity and distinctiveness,"Hybrid roles, tanking, and damage",0.00778093704906284,0.0,0.0,0.0,0.0,0.0,0.04586703245649182
Q14,D0175,"Hybrid roles, tanking, and damage",Energy waiting and downtime,0.03289072798389923,0.0,0.0,0.0,0.0024443402420535397,0.0,0.0
Q14,D0176,"Hybrid roles, tanking, and damage",Class identity and distinctiveness,0.02395376038795748,0.0,0.0,0.0,0.0,0.0,0.0
Q14,D0177,Slow or boring rotation,Class identity and distinctiveness,0.0,0.0,0.0,0.13909804197530945,0.0,0.0,0.04964606934723158
Q14,D0178,APM and skill expression,Class identity and distinctiveness,0.020371441043293068,0.0,0.09744961739522968,0.0,0.004754217253349005,0.0,0.049558278044432066
Q14,D0179,APM and skill expression,"Hybrid roles, tanking, and damage",0.08310372566597181,0.0,0.12089019553657276,0.0,0.0,0.0,0.0
Q14,D0180,"Hybrid roles, tanking, and damage",Engaging active rotation,0.04055649487037841,0.0,0.0,0.0,0.0,0.011099648294654003,0.0
Q14,D0181,Engaging active rotation,"Hybrid roles, tanking, and damage",0.037967947778297394,0.01674812527276075,0.0007777768035605731,0.0,0.008121025133681544,0.06653538703205951,0.02600053207867585
Q14,D0182,APM and skill expression,"Hybrid roles, tanking, and damage",0.008062933412259601,0.0,0.08860129507166696,0.0,0.0,0.001066480225103878,0.0
Q14,D0183,APM and skill expression,Class identity and distinctiveness,0.013754302797308087,0.0,0.07084593245233582,0.0,0.0,0.0,0.06347640945012835
Q14,D0184,"Hybrid roles, tanking, and damage",Class identity and distinctiveness,0.017884343865059382,0.0,0.0,0.0,0.0,0.0,0.0
Q14,D0185,Slow or boring rotation,"Hybrid roles, tanking, and damage",0.05272779806952777,0.0,0.021904433486369085,0.12696104886245607,0.0,0.0,0.0
Q14,D0186,Engaging active rotation,"Hybrid roles, tanking, and damage",0.06608938681405203,0.0,0.0,0.0,0.0,0.07229130215355732,0.0
Q14,D0187,Engaging active rotation,"Powershifting, engagement, and identity",0.042888161056173324,0.058324009529202345,0.0,0.0,0.008235246033146256,0.06196423827637405,0.0
Q14,D0188,APM and skill expression,Class identity and distinctiveness,0.0,0.0,0.14859068552436133,0.0,0.0,0.0,0.0
Q14,D0189,Engaging active rotation,"Powershifting, engagement, and identity",0.019430044654671796,0.03962826865133637,0.0,0.0,0.0,0.08038129339781384,0.02152763707224874
Q14,D0190,Energy waiting and downtime,"Hybrid roles, tanking, and damage",0.04010281111487411,0.0,0.0,0.0,0.05282816636133713,0.0,0.0
Q14,D0191,"Powershifting, engagement, and identity","Hybrid roles, tanking, and damage",0.027993997928850774,0.1089065880535598,0.0,0.0,0.0,0.0,0.0
Q14,D0192,Energy waiting and downtime,Class identity and distinctiveness,0.0,0.0,0.0,0.0,0.07400356663989349,0.0,0.05762990108133791
Q14,D0193,"Hybrid roles, tanking, and damage",Class identity and distinctiveness,0.06274369515034289,0.0,0.0,0.0,0.0,0.0,0.0
Q14,D0194,"Powershifting, engagement, and identity",Class identity and distinctiveness,0.0,0.08515282320548752,0.0,0.0,0.0,0.0,0.0
Q14,D0195,"Hybrid roles, tanking, and damage",Class identity and distinctiveness,0.016547680013079897,0.0,0.0,0.0,0.0,0.0,0.0
Q14,D0196,"Hybrid roles, tanking, and damage",Class identity and distinctiveness,0.01642528799133426,0.0,0.0,0.0,0.0,0.0,0.0
Q14,D0197,"Hybrid roles, tanking, and damage",Class identity and distinctiveness,0.010185355989789377,0.0,0.0,0.0,0.0,0.0,0.0
Q14,D0198,"Hybrid roles, tanking, and damage",Class identity and distinctiveness,0.08859856003824156,0.02288148254791564,0.0,0.0,0.028570339670152194,0.0,0.03691973833722734
Q14,D0199,Energy waiting and downtime,Class identity and distinctiveness,0.013422075928782124,0.0,0.0,0.0,0.09288866901963241,0.0,0.027446782708369463
Q14,D0200,Engaging active rotation,Slow or boring rotation,0.007349622835630506,0.0,0.0013911947019806992,0.05498656691339119,0.006576142163398128,0.07646442774716079,0.0
Q14,D0201,"Hybrid roles, tanking, and damage",Engaging active rotation,0.0,0.0,0.0,0.0,0.0,0.0,0.0
Q14,D0202,Class identity and distinctiveness,APM and skill expression,0.0,0.0,0.015631924782485762,0.0,0.0,0.0,0.18693398871789602
Q14,D0203,APM and skill expression,Class identity and distinctiveness,0.0,0.0,0.08679094984147444,0.0,0.035688647117485844,0.016150984512208966,0.0434944146361801
Q14,D0204,"Powershifting, engagement, and identity",Class identity and distinctiveness,0.0,0.04933981928465246,0.0,0.0,0.0,0.0,0.0
Q14,D0205,Energy waiting and downtime,"Powershifting, engagement, and identity",0.0,0.050431462361966176,0.0,0.0,0.05491663259381497,0.0,0.0
Q14,D0206,Class identity and distinctiveness,Energy waiting and downtime,0.002872152169631242,0.0,0.0,0.0,0.06958920424844868,0.0,0.07795060564888233
Q14,D0207,Energy waiting and downtime,Class identity and distinctiveness,0.0,0.0,0.0,0.0,0.3319303094818659,0.0,0.0
Q14,D0208,Class identity and distinctiveness,"Powershifting, engagement, and identity",0.0,0.23286511234000046,0.0,0.0,0.0,0.0,0.23660878195690788
Q14,D0209,"Powershifting, engagement, and identity",Energy waiting and downtime,0.004799614071748125,0.10956274272475966,0.0,0.0,0.009581079868928562,0.0,0.0
Q14,D0210,Class identity and distinctiveness,Energy waiting and downtime,0.0,0.0,0.0,0.0,0.00897623756937533,0.0,0.17124893350016965
Q14,D0211,Energy waiting and downtime,"Hybrid roles, tanking, and damage",0.021585774600663042,0.01926252281866017,0.0,0.0,0.062065437241213293,0.013833956643128378,0.0
Q14,D0212,APM and skill expression,"Hybrid roles, tanking, and damage",0.08081899295147264,0.0,0.3086477150627129,0.0,0.0,0.0,0.0
Q14,D0213,"Hybrid roles, tanking, and damage",Class identity and distinctiveness,0.00427512435995967,0.0,0.0,0.0,0.0,0.0,0.0
Q14,D0214,APM and skill expression,"Hybrid roles, tanking, and damage",0.01357621878514712,0.0,0.046514092919117976,0.0,0.0,0.0,0.0009754895624044251
Q14,D0215,"Hybrid roles, tanking, and damage",Energy waiting and downtime,0.10003035694034534,0.0,0.0,0.0,0.05340961070399685,0.01959243924494795,0.0
Q14,D0216,Energy waiting and downtime,Class identity and distinctiveness,0.0,0.0,0.0,0.0,0.14501555069280314,0.0,0.0
Q14,D0217,APM and skill expression,"Powershifting, engagement, and identity",0.0,0.07216389771502804,0.08117858348777726,0.0,0.0,0.034590244691527564,0.0
Q14,D0218,Slow or boring rotation,Class identity and distinctiveness,0.0,0.0,0.0,0.19357784809306677,0.005453732472811582,0.0,0.06905519110864121
Q14,D0219,"Hybrid roles, tanking, and damage",Class identity and distinctiveness,0.002943954957973227,0.0,0.0,0.0,0.0,0.0,0.0
Q14,D0220,APM and skill expression,Class identity and distinctiveness,0.0,0.0,0.2971569944769848,0.0,0.0,0.0,0.07909447571161315
Q14,D0221,Energy waiting and downtime,"Hybrid roles, tanking, and damage",0.03236452994111698,0.0,0.0,0.0,0.06412439423254167,0.0,0.0
Q14,D0222,APM and skill expression,"Powershifting, engagement, and identity",0.014078046383246319,0.049291293926696844,0.13489559099619633,0.0,0.0,0.0,0.0
Q14,D0223,"Powershifting, engagement, and identity","Hybrid roles, tanking, and damage",0.0460488649732203,0.06410922458752663,0.0,0.0,0.0,0.0,0.0
Q14,D0224,"Hybrid roles, tanking, and damage",Engaging active rotation,0.0,0.0,0.0,0.0,0.0,0.0,0.0
Q14,D0225,"Powershifting, engagement, and identity",Class identity and distinctiveness,0.0,0.14666005479975036,0.0,0.0,0.0,0.0,0.0
Q14,D0226,Engaging active rotation,Slow or boring rotation,0.0,0.0,0.0,0.1246487146179755,0.0,0.18036935149636027,0.0
Q14,D0227,Engaging active rotation,"Hybrid roles, tanking, and damage",0.04021455485371234,0.0,0.0,0.0,0.0,0.05254740006478643,0.0
Q14,D0228,Engaging active rotation,"Hybrid roles, tanking, and damage",0.013556316203201909,0.0,0.0,0.0,0.007718450514067446,0.11851712329532449,0.0
Q14,D0229,"Hybrid roles, tanking, and damage",Class identity and distinctiveness,0.04898044051141603,0.0,0.0,0.0,0.0,0.0,0.0
Q14,D0230,"Hybrid roles, tanking, and damage",Class identity and distinctiveness,0.022100136587422103,0.0,0.0,0.0,0.0,0.0,0.0
Q14,D0231,Energy waiting and downtime,Class identity and distinctiveness,0.03683225674457578,0.0,0.0,0.031062705101954878,0.07671082024381716,0.0,0.03711752528592065
Q14,D0232,Class identity and distinctiveness,Engaging active rotation,0.0,0.0,0.0,0.0,0.0,0.0,0.12106855776845932
Q14,D0233,"Hybrid roles, tanking, and damage","Powershifting, engagement, and identity",0.08930571991085552,0.03393842034526225,0.0,0.0,0.0,0.0,0.0
Q14,D0234,"Hybrid roles, tanking, and damage",Class identity and distinctiveness,0.17106692576900373,0.0,0.0,0.0,0.0,0.0,0.0
Q14,D0235,"Powershifting, engagement, and identity",Energy waiting and downtime,0.0015353542965063538,0.035033373716992826,0.0,0.0,0.011077703757308724,0.0,0.0
Q14,D0236,"Hybrid roles, tanking, and damage",Class identity and distinctiveness,0.07530120018826039,0.0,0.0,0.0,0.0,0.0,0.0
Q14,D0237,Energy waiting and downtime,"Powershifting, engagement, and identity",0.0,0.025268342799375874,0.0,0.0,0.13173009121129034,0.0,0.02081513673309397
Q14,D0238,APM and skill expression,Class identity and distinctiveness,0.0,0.0,0.1375937214537004,0.0,0.0011166201111656425,0.0,0.03277568762045691
Q14,D0239,"Hybrid roles, tanking, and damage",Class identity and distinctiveness,0.03244140754594191,0.0,0.0,0.0,0.0,0.0,0.0004014504039351785
Q14,D0240,Energy waiting and downtime,"Hybrid roles, tanking, and damage",0.003195234019578338,0.0,0.0,0.0,0.067861233653777,0.0,0.0
Q14,D0241,Energy waiting and downtime,Slow or boring rotation,0.0,0.0,0.0,0.08763620637963757,0.11493974847123711,0.0,0.0
Q14,D0242,"Hybrid roles, tanking, and damage",Class identity and distinctiveness,0.03743031305068982,0.0,0.0,0.0,0.0,0.0,0.0
Q14,D0243,"Powershifting, engagement, and identity",Class identity and distinctiveness,0.030582632118636505,0.037759142232545895,0.0,0.0,0.0,0.0,0.033176699071282435
Q14,D0244,"Powershifting, engagement, and identity","Hybrid roles, tanking, and damage",0.027669087109681748,0.1822928329983266,0.0,0.0,0.0,0.0,0.0
Q14,D0245,"Hybrid roles, tanking, and damage",Energy waiting and downtime,0.0035300186913705973,0.0,0.0,0.0,0.0019189994554231953,0.0,0.0
Q14,D0246,"Powershifting, engagement, and identity","Hybrid roles, tanking, and damage",0.014381750502585857,0.05773574462597983,0.0,0.0,0.0,0.0,0.0
Q14,D0247,"Powershifting, engagement, and identity",Class identity and distinctiveness,0.0,0.04744806607391724,0.0,0.0,0.0,0.0,0.0
Q14,D0248,Engaging active rotation,"Hybrid roles, tanking, and damage",0.02194427321885383,0.0,0.0,0.0,0.006772055909769831,0.0735583768698332,0.0
Q14,D0249,Class identity and distinctiveness,"Hybrid roles, tanking, and damage",0.0013190411434561224,0.0,0.0,0.0,0.0,0.0,0.06275379129677618
Q14,D0250,APM and skill expression,"Hybrid roles, tanking, and damage",0.04679644742102563,0.0,0.14439265026629275,0.0,0.0,0.0,0.0
Q14,D0251,"Powershifting, engagement, and identity","Hybrid roles, tanking, and damage",0.0881549504251955,0.12015100902558405,0.0,0.0,0.0,0.0041117597929764445,0.0
Q14,D0252,"Hybrid roles, tanking, and damage","Powershifting, engagement, and identity",0.10293559056128525,0.018838302842576884,0.0,0.0,0.009033308703968219,0.0,0.0015238431727857373
Q14,D0253,"Hybrid roles, tanking, and damage",Engaging active rotation,0.0,0.0,0.0,0.0,0.0,0.0,0.0
Q14,D0254,"Hybrid roles, tanking, and damage","Powershifting, engagement, and identity",0.07631730219402288,0.03942834198575826,0.0,0.0,0.0,0.0,0.0
Q14,D0255,APM and skill expression,Energy waiting and downtime,0.02152730083023315,0.0,0.042735813956953056,0.0,0.03459343572548539,0.0,0.0
Q14,D0256,"Hybrid roles, tanking, and damage",Engaging active rotation,0.0,0.0,0.0,0.0,0.0,0.0,0.0
Q14,D0257,"Hybrid roles, tanking, and damage",Engaging active rotation,0.04003173285724893,0.0,0.0,0.0,0.0,0.03373942534209927,0.0
Q14,D0258,"Powershifting, engagement, and identity","Hybrid roles, tanking, and damage",0.013530896492698194,0.02573530977790561,0.0,0.0,0.0,0.0,0.0
Q14,D0259,Class identity and distinctiveness,Engaging active rotation,0.0,0.0,0.0,0.0,0.0,0.0,0.12868087069225095
Q14,D0260,Class identity and distinctiveness,"Powershifting, engagement, and identity",0.007611569416413579,0.057288230837415195,0.0,0.0,0.03248871811903022,0.0,0.07908606494255062
Q14,D0261,"Powershifting, engagement, and identity",Class identity and distinctiveness,0.0,0.08124417087906327,0.0,0.0,0.0,0.0,0.004877777922333678
Q14,D0262,Class identity and distinctiveness,"Hybrid roles, tanking, and damage",0.03529649423486237,0.0,0.0,0.0,0.010662801198305562,0.0,0.12200457394710926
Q14,D0263,"Hybrid roles, tanking, and damage",Energy waiting and downtime,0.10457882438821194,0.007425537095058841,0.0,0.006354768074644193,0.024841746043027132,0.018399928928060184,0.0
Q14,D0264,Slow or boring rotation,Class identity and distinctiveness,0.0,0.0,0.0,0.4143879480223735,0.0,0.0,0.0
Q14,D0265,"Hybrid roles, tanking, and damage",Class identity and distinctiveness,0.11542939817606253,0.0,0.0,0.0,0.0,0.0,0.0
Q14,D0266,"Hybrid roles, tanking, and damage",Class identity and distinctiveness,0.11134076431801486,0.0,0.0,0.0,0.0,0.012854009352013647,0.022688722433650263
Q14,D0267,"Hybrid roles, tanking, and damage",Class identity and distinctiveness,0.00920460954642495,0.0,0.0,0.0,0.0,0.0,0.0
Q14,D0268,Energy waiting and downtime,Engaging active rotation,0.009681077028241261,0.03204542584532521,0.0,0.0,0.05185605499828358,0.03829101470203464,0.0
Q14,D0269,Slow or boring rotation,Class identity and distinctiveness,0.0,0.0,0.0,0.4143879480223735,0.0,0.0,0.0
Q14,D0270,"Hybrid roles, tanking, and damage",Energy waiting and downtime,0.024697834702214535,0.0,0.0,0.0,0.011937908748181528,0.0,0.0
Q14,D0271,Energy waiting and downtime,Class identity and distinctiveness,0.0,0.0,0.0,0.0,0.08999640968001904,0.0,0.0
Q14,D0272,Engaging active rotation,Class identity and distinctiveness,0.0,0.0,0.0,0.0,0.0,0.09963130766059809,0.0
Q14,D0273,"Hybrid roles, tanking, and damage",Energy waiting and downtime,0.005762749874483541,0.0,0.0,0.0,0.004827853818553634,0.0,0.0007270257464193739
Q14,D0274,Engaging active rotation,"Hybrid roles, tanking, and damage",0.06201734270859505,0.0,0.0,0.0,0.0,0.12427553897625356,0.0
Q14,D0275,APM and skill expression,Class identity and distinctiveness,0.0,0.0,0.01232797345396361,0.0,0.0,0.0,0.0
Q14,D0276,Slow or boring rotation,Engaging active rotation,0.011722722814940705,0.0,0.0,0.0928629101322009,0.005329661779203132,0.05615476524800687,0.019442375086410356
Q14,D0277,"Hybrid roles, tanking, and damage",Class identity and distinctiveness,0.10946874182835994,0.0,0.0,0.0,0.0,0.0,0.0
Q14,D0278,APM and skill expression,Engaging active rotation,0.010472608511897626,0.0,0.1149597217587143,0.0,0.0,0.03754868435057832,0.0
Q14,D0279,APM and skill expression,"Powershifting, engagement, and identity",0.03719720758702371,0.16157662215602223,0.19228721102388946,0.0,0.016067762161112373,0.0,0.0
Q14,D0280,"Hybrid roles, tanking, and damage",Class identity and distinctiveness,0.008091983438403168,0.0,0.0,0.0,0.0,0.0,0.0
Q14,D0281,"Hybrid roles, tanking, and damage",Class identity and distinctiveness,0.1627703935021829,0.0,0.0,0.0,0.0,0.0,0.0
Q14,D0282,Engaging active rotation,"Powershifting, engagement, and identity",0.0,0.005051299583801114,0.0,0.0,0.0,0.10056090624340938,0.0015874253675820075
Q14,D0283,"Hybrid roles, tanking, and damage",Class identity and distinctiveness,0.13421504023516737,0.0,0.0,0.0,0.0,0.0,0.0
Q14,D0284,Energy waiting and downtime,Class identity and distinctiveness,0.0,0.0,0.0,0.0,0.021535645059856855,0.0,0.0
Q14,D0285,Energy waiting and downtime,"Powershifting, engagement, and identity",0.0029720990677695983,0.0029950439176430967,0.0,0.0,0.01426448656354241,0.0027561763001770394,0.0
Q14,D0286,"Hybrid roles, tanking, and damage",Class identity and distinctiveness,0.12385257346894117,0.0,0.0,0.0,0.0,0.0,0.0
Q14,D0287,Class identity and distinctiveness,Engaging active rotation,0.0,0.0,0.0,0.0,0.0,0.0,0.12249611228435464
Q14,D0288,"Hybrid roles, tanking, and damage",Class identity and distinctiveness,0.051309273188830155,0.0,0.0,0.0,0.0,0.0,0.0
Q14,D0289,"Hybrid roles, tanking, and damage",Class identity and distinctiveness,0.04547967553484868,0.0,0.0,0.0,0.0,0.0,0.017083511254630066
Q14,D0290,"Powershifting, engagement, and identity",Class identity and distinctiveness,0.0,0.11132950719342838,0.0,0.0,0.0,0.0,0.0
Q14,D0291,"Powershifting, engagement, and identity",Class identity and distinctiveness,0.0,0.39340158463872044,0.0,0.0,0.0,0.0,0.0
Q14,D0292,APM and skill expression,Energy waiting and downtime,0.0,0.0,0.1299969946050792,0.0,0.06027462612096445,0.0,0.0
Q14,D0293,Engaging active rotation,Class identity and distinctiveness,0.0,0.0,0.0,0.0,0.0,0.10654100165908759,0.0
Q14,D0294,APM and skill expression,Engaging active rotation,0.0,0.0,0.20000419648486112,0.0,0.011969633537472093,0.08780890305612149,0.0
Q14,D0295,Slow or boring rotation,Class identity and distinctiveness,0.0,0.0,0.0,0.15741395868537006,0.0,0.0,0.0
Q14,D0296,"Hybrid roles, tanking, and damage",Class identity and distinctiveness,0.004874662474224518,0.0,0.0,0.0,0.0,0.0,0.0
Q14,D0297,"Powershifting, engagement, and identity","Hybrid roles, tanking, and damage",0.09351690160647018,0.11617991219457308,0.0,0.0,0.0,0.0,0.0
Q14,D0298,"Hybrid roles, tanking, and damage",Energy waiting and downtime,0.14131171162858516,0.0,0.0,0.0,0.03835292731221705,0.0,0.0
Q14,D0299,"Hybrid roles, tanking, and damage",Class identity and distinctiveness,0.0010578763904701123,0.0,0.0,0.0,0.0,0.0,0.0
Q14,D0300,Energy waiting and downtime,Class identity and distinctiveness,0.0,0.0,0.0,0.0,0.03809143762429296,0.0,0.0
Q14,D0301,"Hybrid roles, tanking, and damage",Class identity and distinctiveness,0.01855669320119315,0.0,0.0,0.0,0.0,0.0,0.0
Q14,D0302,Energy waiting and downtime,Class identity and distinctiveness,0.0,0.0,0.0,0.0,0.007211892158056487,0.0,0.0
Q14,D0303,"Powershifting, engagement, and identity",Class identity and distinctiveness,0.0,0.39340158463872044,0.0,0.0,0.0,0.0,0.0
Q14,D0304,Energy waiting and downtime,"Powershifting, engagement, and identity",0.019348418084846664,0.02678160124648177,0.003914950228471655,0.0,0.11020217551645786,0.0,0.0
Q14,D0305,Energy waiting and downtime,Class identity and distinctiveness,0.0,0.0,0.0,0.0,0.2085578822794382,0.0,0.0
Q14,D0306,"Hybrid roles, tanking, and damage",Class identity and distinctiveness,0.09027901248852406,0.0,0.0,0.0,0.0,0.0,0.023295585940357525
Q14,D0307,Energy waiting and downtime,"Powershifting, engagement, and identity",0.0019538885341652042,0.0490656494509515,0.0,0.0,0.06349983755643539,0.0,0.0
Q14,D0308,"Hybrid roles, tanking, and damage",Class identity and distinctiveness,0.03628775916244812,0.0,0.0,0.0,0.0,0.0,0.0
Q14,D0309,"Hybrid roles, tanking, and damage",Engaging active rotation,0.013963679545033903,0.0,0.0,0.0,0.0,0.0044869907256496365,0.0
Q14,D0310,Energy waiting and downtime,Class identity and distinctiveness,0.0,0.0,0.0,0.0,0.028906828213094364,0.0,0.0
Q14,D0311,"Powershifting, engagement, and identity",Energy waiting and downtime,0.0,0.13543389385452212,0.0,0.0,0.005442081233794456,0.0,0.0
Q14,D0312,APM and skill expression,"Powershifting, engagement, and identity",0.0,0.21586716430553451,0.28394057117493277,0.0,0.0,0.0,0.0
Q14,D0313,"Hybrid roles, tanking, and damage",Class identity and distinctiveness,0.03915295734902017,0.0,0.0,0.0,0.0,0.0,0.0
Q14,D0314,"Hybrid roles, tanking, and damage",Class identity and distinctiveness,0.03589717525264461,0.0,0.0,0.0,0.0,0.0,0.0
Q14,D0315,"Hybrid roles, tanking, and damage",Engaging active rotation,0.0,0.0,0.0,0.0,0.0,0.0,0.0
Q14,D0316,Engaging active rotation,Class identity and distinctiveness,0.0,0.0,0.0,0.0,0.0,0.35097730220234524,0.0
Q14,D0317,"Hybrid roles, tanking, and damage",Engaging active rotation,0.0,0.0,0.0,0.0,0.0,0.0,0.0
Q14,D0318,Energy waiting and downtime,"Hybrid roles, tanking, and damage",0.0013502004370363173,0.0,0.0,0.0,0.008668359040217906,0.0,0.0
Q14,D0319,Energy waiting and downtime,"Powershifting, engagement, and identity",0.0,0.04431530458617678,0.0,0.0,0.053482948926098776,0.0,0.0
Q14,D0320,"Hybrid roles, tanking, and damage",Slow or boring rotation,0.07346308480622683,0.025113574661357076,0.009656817331817414,0.04511593545672148,0.0,0.023746292481030693,0.04334739075842362
Q14,D0321,Energy waiting and downtime,"Powershifting, engagement, and identity",0.00429267463439991,0.032480695409318805,0.0,0.0,0.10371688071434933,0.0,0.0
Q14,D0322,"Hybrid roles, tanking, and damage",Class identity and distinctiveness,0.05305001999727612,0.0,0.0,0.0,0.0,0.0,0.0
Q14,D0323,Energy waiting and downtime,Class identity and distinctiveness,0.0,0.0,0.0,0.0,0.1929848971083133,0.0,0.0
Q14,D0324,"Hybrid roles, tanking, and damage",Energy waiting and downtime,0.015774809821125692,0.0,0.0,0.0,0.004707047656054526,0.0,0.0
Q14,D0325,Engaging active rotation,Energy waiting and downtime,0.0,0.0,0.0,0.0,0.040187292760575165,0.09601680779944655,0.0
Q14,D0326,Engaging active rotation,"Hybrid roles, tanking, and damage",0.06250922746158584,0.0,0.0,0.0,0.0,0.09038900529353283,0.0
Q14,D0327,"Hybrid roles, tanking, and damage",Class identity and distinctiveness,0.0036667173079199915,0.0,0.0,0.0,0.0,0.0,0.0
Q14,D0328,Class identity and distinctiveness,"Powershifting, engagement, and identity",0.032204954958653394,0.07002992179201224,0.0,0.0,0.06860206793079084,0.0,0.12499251098437972
Q14,D0329,"Hybrid roles, tanking, and damage",Engaging active rotation,0.0,0.0,0.0,0.0,0.0,0.0,0.0
Q14,D0330,Class identity and distinctiveness,"Hybrid roles, tanking, and damage",0.051376365171643706,0.03995641642465483,0.0,0.0,0.0,0.003481417998723189,0.08160609548998592
Q14,D0331,Energy waiting and downtime,Class identity and distinctiveness,0.0,0.0,0.0,0.0,0.146769216541282,0.0,0.0
Q14,D0332,"Powershifting, engagement, and identity",Energy waiting and downtime,0.0,0.09674461616785056,0.0,0.0,0.010414443567436371,0.0,0.0
Q14,D0333,"Hybrid roles, tanking, and damage",Class identity and distinctiveness,0.1503771836002706,0.0,0.0,0.0,0.0,0.0,0.0
Q14,D0334,APM and skill expression,"Hybrid roles, tanking, and damage",0.05140046979385998,0.0,0.14745526320786426,0.0,0.0,0.0,0.027478883534313686
Q14,D0335,"Hybrid roles, tanking, and damage",Class identity and distinctiveness,0.02939637881355723,0.0,0.0,0.0,0.0,0.0,0.0
Q14,D0336,Engaging active rotation,"Powershifting, engagement, and identity",0.0,0.03522877192606125,0.0,0.0,0.0,0.03882825928952159,0.0
Q14,D0337,"Powershifting, engagement, and identity",Class identity and distinctiveness,0.0,0.11781724177422476,0.0,0.0,0.0,0.0,0.0
Q14,D0338,"Hybrid roles, tanking, and damage",Class identity and distinctiveness,0.10066779550942735,0.0,0.0,0.0,0.0,0.0,0.013753875884972086
Q14,D0339,APM and skill expression,"Hybrid roles, tanking, and damage",0.048105259780613266,0.0,0.06240120171523902,0.0,0.029171060254162114,0.0,0.010595933243966111
Q14,D0340,Class identity and distinctiveness,Engaging active rotation,0.0,0.0,0.0,0.0,0.0,0.0,0.06848139719033944
Q14,D0341,"Hybrid roles, tanking, and damage",Engaging active rotation,0.0,0.0,0.0,0.0,0.0,0.0,0.0
Q14,D0342,Engaging active rotation,"Hybrid roles, tanking, and damage",0.018315658173399457,0.0,0.0,0.0,0.0,0.1005827082453916,0.0
Q14,D0343,Slow or boring rotation,Energy waiting and downtime,0.014583155876443626,0.0,0.0,0.06526698920646681,0.05417661729357424,0.0,0.0
Q14,D0344,Energy waiting and downtime,Class identity and distinctiveness,0.0,0.0,0.0,0.0,0.17957771340448442,0.0,0.0
Q14,D0345,Slow or boring rotation,Class identity and distinctiveness,0.0,0.0,0.0,0.4143879480223735,0.0,0.0,0.0
Q14,D0346,"Hybrid roles, tanking, and damage",Engaging active rotation,0.0,0.0,0.0,0.0,0.0,0.0,0.0
Q14,D0347,"Powershifting, engagement, and identity",Class identity and distinctiveness,0.0,0.39340158463872044,0.0,0.0,0.0,0.0,0.0
Q14,D0348,Energy waiting and downtime,Class identity and distinctiveness,0.0,0.0,0.0,0.0,0.10087067299834451,0.0,0.0
Q14,D0349,Class identity and distinctiveness,Engaging active rotation,0.0,0.0,0.0,0.0,0.0,0.0,0.2329561337144381
Q14,D0350,Class identity and distinctiveness,"Powershifting, engagement, and identity",0.062027486494373625,0.12015280224009431,0.0,0.0,0.0,0.0,0.12522085505817585
Q14,D0351,"Hybrid roles, tanking, and damage",Engaging active rotation,0.0,0.0,0.0,0.0,0.0,0.0,0.0
Q14,D0352,Class identity and distinctiveness,Engaging active rotation,0.0,0.0,0.0,0.0,0.0,0.0,0.10004014455672343
Q14,D0353,Energy waiting and downtime,"Hybrid roles, tanking, and damage",0.04529962264289739,0.0,0.0,0.0,0.07738910953477653,0.0,0.0
Q14,D0354,Slow or boring rotation,"Powershifting, engagement, and identity",0.0,0.20756659359697016,0.0,0.3444729983888159,0.0,0.0,0.0
Q14,D0355,Engaging active rotation,"Hybrid roles, tanking, and damage",0.07223913062086945,0.0,0.0,0.0,0.0,0.07387982365956362,0.0
Q14,D0356,"Hybrid roles, tanking, and damage",Energy waiting and downtime,0.04660626203652084,0.0,0.0,0.0,0.021461636690233377,0.0,0.0
Q14,D0357,"Hybrid roles, tanking, and damage",APM and skill expression,0.048489630274726546,0.0,0.01920880679761476,0.0,0.0,0.0,0.0
Q14,D0358,"Hybrid roles, tanking, and damage",Engaging active rotation,0.1323718110501828,0.0,0.0,0.0,0.0,0.06174649987892266,0.0
Q14,D0359,"Powershifting, engagement, and identity",Energy waiting and downtime,0.0,0.12119458452539018,0.0,0.0,0.00815837617467563,0.006502054343621968,0.0
Q14,D0360,"Powershifting, engagement, and identity",Energy waiting and downtime,0.008518976600042635,0.10528542967102913,0.0,0.0,0.08343103287888093,0.0,0.0
Q14,D0361,"Hybrid roles, tanking, and damage",Class identity and distinctiveness,0.012665157113260021,0.0,0.0,0.0,0.0,0.0,0.008774496117396675
Q14,D0362,Class identity and distinctiveness,"Hybrid roles, tanking, and damage",0.022844899754377642,0.0,0.0,0.0,0.0,0.0,0.10265811613804622
Q14,D0363,APM and skill expression,Energy waiting and downtime,0.0,0.0,0.023820362447804874,0.0,0.007315128967145343,0.0,0.0
Q14,D0364,"Hybrid roles, tanking, and damage",Slow or boring rotation,0.1651413299457455,0.0,0.0,0.04268343293405788,0.0,0.02374454014192425,0.0
Q14,D0365,"Powershifting, engagement, and identity",Energy waiting and downtime,0.0,0.13242988712462234,0.0,0.0,0.01389699260896874,0.0,0.0
Q14,D0366,"Hybrid roles, tanking, and damage",Engaging active rotation,0.0,0.0,0.0,0.0,0.0,0.0,0.0
Q14,D0367,"Hybrid roles, tanking, and damage",Class identity and distinctiveness,0.030722706118415988,0.0,0.0,0.0,0.002713636951831412,0.0,0.011935403659359753
Q14,D0368,"Hybrid roles, tanking, and damage",Class identity and distinctiveness,0.11453612710449658,0.0,0.0,0.0,0.0,0.0,0.03035792095057866
Q14,D0369,"Powershifting, engagement, and identity",APM and skill expression,0.015382931685519786,0.061657516931847095,0.02023923602289046,0.0,0.008694835175935126,0.0036039256090521173,0.0
Q14,D0370,Energy waiting and downtime,"Hybrid roles, tanking, and damage",0.020219798721200388,0.0,0.0,0.0,0.0236438912949774,0.0,0.0
Q14,D0371,Energy waiting and downtime,Class identity and distinctiveness,0.027047461336897227,0.0,0.0007807182583831068,0.0,0.11107138224948337,0.0,0.04097787103652342
Q14,D0372,Energy waiting and downtime,Class identity and distinctiveness,0.028724830143958064,0.0,0.0,0.0,0.09264074076776509,0.0,0.05987658930254318
Q14,D0373,Energy waiting and downtime,Class identity and distinctiveness,0.0,0.0,0.0,0.0,0.06066539582332805,0.0,0.0
Q14,D0374,"Hybrid roles, tanking, and damage",Engaging active rotation,0.0,0.0,0.0,0.0,0.0,0.0,0.0
Q14,D0375,Class identity and distinctiveness,"Powershifting, engagement, and identity",0.0,0.06504610908701745,0.0,0.0,0.006068711092689576,0.0,0.12848583349869316
Q14,D0376,"Powershifting, engagement, and identity",Class identity and distinctiveness,0.0,0.0876723152782411,0.0,0.0,0.0,0.0,0.0
Q14,D0377,Class identity and distinctiveness,"Powershifting, engagement, and identity",0.0,0.04175635921395262,0.0,0.0,0.0,0.0,0.13491587259453253
Q14,D0378,Slow or boring rotation,Energy waiting and downtime,0.0,0.0,0.0,0.0687263171447771,0.0016727751950000968,0.0,0.0
Q14,D0379,"Powershifting, engagement, and identity",Class identity and distinctiveness,0.0,0.11108751850432981,0.0,0.0,0.0,0.0,0.07012504275974966
Q14,D0380,Class identity and distinctiveness,"Powershifting, engagement, and identity",0.015298349135371161,0.041718080429054186,0.0,0.0,0.0,0.04030621168595836,0.044858627294195645
Q14,D0381,"Hybrid roles, tanking, and damage",Engaging active rotation,0.13883779764685075,0.0,0.0,0.0,0.016129161164507567,0.018380089947183948,0.003646069704006212
Q14,D0382,"Hybrid roles, tanking, and damage",Class identity and distinctiveness,0.10756433111629143,0.0,0.0,0.0,0.0,0.0,0.0
Q14,D0383,APM and skill expression,"Powershifting, engagement, and identity",0.00024918197631504705,0.036653489151637506,0.11502062202907025,0.0,0.0,0.0,0.017441669388588453
Q14,D0384,"Hybrid roles, tanking, and damage",Class identity and distinctiveness,0.005589478743195966,0.0,0.0,0.0,0.0,0.0,0.0
Q14,D0385,"Powershifting, engagement, and identity",Class identity and distinctiveness,0.042499163005213704,0.06757925969352177,0.0,0.0,0.0,0.031131031311899926,0.06567152482773089
Q14,D0386,Class identity and distinctiveness,"Powershifting, engagement, and identity",0.022670584621996948,0.044514967395082636,0.0,0.0,0.0,0.0,0.12184588561641646
Q14,D0387,"Powershifting, engagement, and identity","Hybrid roles, tanking, and damage",0.01691400899525353,0.05876572063966704,0.0,0.0,0.0,0.0,0.0
Q14,D0388,"Hybrid roles, tanking, and damage",Engaging active rotation,0.0,0.0,0.0,0.0,0.0,0.0,0.0
Q14,D0389,"Hybrid roles, tanking, and damage",Engaging active rotation,0.0,0.0,0.0,0.0,0.0,0.0,0.0
Q14,D0390,APM and skill expression,"Hybrid roles, tanking, and damage",0.04604616161438168,0.0,0.17383077254195947,0.0,0.0,0.036852230947096526,0.0
Q14,D0391,Energy waiting and downtime,Class identity and distinctiveness,0.0,0.0,0.0,0.0,0.04997984576173927,0.0,0.0003807760077713575
Q14,D0392,APM and skill expression,Energy waiting and downtime,0.0,0.0,0.09058346079826414,0.0,0.0624519514491299,0.0,0.0
Q14,D0393,Energy waiting and downtime,Class identity and distinctiveness,0.0,0.0,0.0,0.0,0.1249286046932523,0.0,0.0
Q14,D0394,"Hybrid roles, tanking, and damage",Class identity and distinctiveness,0.040392168875443474,0.0,0.0,0.0,0.0,0.0,0.0
Q14,D0395,Class identity and distinctiveness,Engaging active rotation,0.0,0.0,0.0,0.0,0.0,0.0,0.04925746845825225
Q14,D0396,"Hybrid roles, tanking, and damage",Class identity and distinctiveness,0.0012637372919008514,0.0,0.0,0.0,0.0,0.0,0.0
Q14,D0397,Energy waiting and downtime,"Hybrid roles, tanking, and damage",0.012112625365983063,0.0,0.0,0.0,0.07391803351827184,0.0,0.0
Q14,D0398,Energy waiting and downtime,Engaging active rotation,0.0,0.0,0.0,0.0,0.028655601786497592,0.008209478340663245,0.0
Q14,D0399,Class identity and distinctiveness,Engaging active rotation,0.0,0.0,0.0,0.0,0.0,0.0,0.1647750112501818
Q14,D0400,Engaging active rotation,Class identity and distinctiveness,0.0008169113119001271,0.0,0.0,0.0,0.0,0.1726328843929871,0.03734452609244131
Q14,D0401,Energy waiting and downtime,Class identity and distinctiveness,0.0,0.0,0.0,0.0,0.2085316137054454,0.0,0.0
Q14,D0402,APM and skill expression,Class identity and distinctiveness,0.0,0.0,0.3536886691297909,0.0,0.0,0.0,0.0
Q14,D0403,"Hybrid roles, tanking, and damage",Class identity and distinctiveness,0.02638483878085261,0.0,0.0,0.0,0.0,0.0,0.0
Q14,D0404,APM and skill expression,Engaging active rotation,0.0,0.0,0.19285995241680837,0.0,0.0,0.0051608870846072035,0.0
Q14,D0405,"Hybrid roles, tanking, and damage",Class identity and distinctiveness,0.043246275843634746,0.0,0.0,0.0,0.0,0.0,0.0
Q14,D0406,"Hybrid roles, tanking, and damage",Energy waiting and downtime,0.0635900803310432,0.023320466299041248,0.0,0.0,0.047447644819359286,0.023763739966126754,0.01943763734056054
Q14,D0407,Class identity and distinctiveness,"Powershifting, engagement, and identity",0.006297223427308478,0.0324568125588462,0.0,0.0,0.0,0.0,0.08881175314538363
Q14,D0408,"Hybrid roles, tanking, and damage","Powershifting, engagement, and identity",0.06490811812942984,0.042037013428507894,0.0,0.0,0.0,0.0,0.0
Q14,D0409,"Powershifting, engagement, and identity",Energy waiting and downtime,0.0,0.05423534214703509,0.0,0.0,0.0009041460314280163,0.0,0.0
Q14,D0410,Energy waiting and downtime,Class identity and distinctiveness,0.0,0.0,0.0,0.0,0.11225265362172403,0.0,0.0
Q14,D0411,APM and skill expression,Slow or boring rotation,0.0,0.0,0.12310362724321729,0.10893539821068045,0.0,0.05522188476689564,0.014972113219353895
Q14,D0412,"Hybrid roles, tanking, and damage",Engaging active rotation,0.0,0.0,0.0,0.0,0.0,0.0,0.0
Q14,D0413,"Hybrid roles, tanking, and damage",Class identity and distinctiveness,0.1236762245351688,0.0,0.0,0.0,0.0,0.0,0.0
Q14,D0414,"Hybrid roles, tanking, and damage",Class identity and distinctiveness,0.05065143877914624,0.0,0.0,0.0,0.0,0.002946798422601016,0.005975873339787688
Q14,D0415,"Hybrid roles, tanking, and damage",APM and skill expression,0.06942982921922379,0.014383706578086408,0.022817990188651494,0.0,0.02085613703863334,0.010091175256656017,0.0
Q14,D0416,"Hybrid roles, tanking, and damage",Class identity and distinctiveness,0.05029336209777367,0.0,0.0,0.0,0.0,0.0,0.0
Q14,D0417,Engaging active rotation,Energy waiting and downtime,0.0,0.0,0.0,0.0,0.05398333422443761,0.08001280656511646,0.0
Q14,D0418,Energy waiting and downtime,Class identity and distinctiveness,0.0,0.0,0.0,0.0,0.20546341504046378,0.0,0.0
Q14,D0419,"Hybrid roles, tanking, and damage",Class identity and distinctiveness,0.13476319191290556,0.011137873493037473,0.0009943749335121384,0.0,0.007158155869842105,0.0,0.026365841377751546
Q14,D0420,Energy waiting and downtime,Class identity and distinctiveness,0.0,0.0,0.0,0.0,0.14474722639284412,0.0,0.0
Q14,D0421,Class identity and distinctiveness,"Hybrid roles, tanking, and damage",0.034372417649359,0.0,0.0,0.0,0.0,0.0,0.23419063471356297
Q14,D0422,Engaging active rotation,Class identity and distinctiveness,0.0,0.0,0.0,0.0,0.0,0.29561657859572993,0.0
Q14,D0423,Energy waiting and downtime,"Hybrid roles, tanking, and damage",0.006564184985688181,0.0,0.0,0.0,0.12951662939095673,0.0010393896422532247,0.0
Q14,D0424,"Powershifting, engagement, and identity",Energy waiting and downtime,0.006571994752575784,0.04120874070289891,0.03239833354720232,0.0,0.03585089145496779,0.0,0.0
Q14,D0425,Engaging active rotation,Energy waiting and downtime,0.0,0.0,0.0,0.0,0.0011394743733412378,0.19524030443725596,0.0
Q14,D0426,Class identity and distinctiveness,"Powershifting, engagement, and identity",0.04372073104632107,0.05411595059282718,0.0,0.0,0.0,0.0,0.06648690290118126
Q14,D0427,"Hybrid roles, tanking, and damage",Class identity and distinctiveness,0.0364976431235577,0.0,0.0,0.0,0.0,0.0,0.0
Q14,D0428,"Hybrid roles, tanking, and damage",Class identity and distinctiveness,0.15581777146726397,0.0,0.0,0.0,0.0,0.0,0.0
Q14,D0429,"Hybrid roles, tanking, and damage",Class identity and distinctiveness,0.1056085986989992,0.0,0.0,0.0,0.0,0.0,0.0
Q14,D0430,"Hybrid roles, tanking, and damage","Powershifting, engagement, and identity",0.04356436955558213,0.04036841818676632,0.015794538221049276,0.0,0.03992674564120305,0.0,0.0
Q14,D0431,Class identity and distinctiveness,Engaging active rotation,0.0,0.0,0.0,0.0,0.0,0.0,0.2594067732653061
Q14,D0432,"Powershifting, engagement, and identity",Class identity and distinctiveness,0.013261719536853183,0.01840617148739816,0.0,0.0,0.0,0.0,0.014801236855254194
Q14,D0433,"Hybrid roles, tanking, and damage",Energy waiting and downtime,0.10444121475282236,0.011477236158612571,0.0,0.0,0.054552572346244596,0.0,0.0
Q14,D0434,"Powershifting, engagement, and identity","Hybrid roles, tanking, and damage",0.02500364018599515,0.05238140360363648,0.0,0.0,0.0,0.0,0.0
Q14,D0435,Class identity and distinctiveness,Engaging active rotation,0.0,0.0,0.0,0.0,0.0,0.0,0.21932221201942326
Q14,D0436,Energy waiting and downtime,"Hybrid roles, tanking, and damage",0.011670868038782851,0.0,0.0,0.0,0.08400477233661427,0.0,0.0
Q14,D0437,"Hybrid roles, tanking, and damage",Class identity and distinctiveness,0.06879186379767464,0.0,0.0,0.0,0.0,0.0,0.03477829803688157
Q14,D0438,Class identity and distinctiveness,"Powershifting, engagement, and identity",0.04286536308569931,0.05329877193530656,0.0,0.04388402608358471,0.042423980929297646,0.0,0.05775669552897441
Q14,D0439,Slow or boring rotation,Energy waiting and downtime,0.0,0.0,0.0,0.05933778065719018,0.012317712367506242,0.0,0.0
Q14,D0440,"Hybrid roles, tanking, and damage",Energy waiting and downtime,0.02659703369501349,0.0,0.0,0.0,0.015722639976167643,0.0,0.0
Q14,D0441,"Hybrid roles, tanking, and damage",Class identity and distinctiveness,0.13860605572513013,0.005863923227150095,0.007447984005912744,0.0,0.0,0.010197857044749337,0.038219744841510146
Q14,D0442,"Powershifting, engagement, and identity","Hybrid roles, tanking, and damage",0.05717922494567813,0.16249548788135185,0.0,0.0,0.0,0.0,0.0
Q14,D0443,Energy waiting and downtime,"Hybrid roles, tanking, and damage",0.008861901065756095,0.0,0.0032361764242094106,0.0,0.07883763635237093,0.0,0.0
Q14,D0444,"Hybrid roles, tanking, and damage",Class identity and distinctiveness,0.05785239811351321,0.02092480912451412,0.0,0.0,0.012753650202978785,0.026390601275964643,0.05623004824846049
Q14,D0445,APM and skill expression,"Powershifting, engagement, and identity",0.013221120617702756,0.03370697163576962,0.08387561739245078,0.0,0.008523636972011313,0.017393288594627014,0.010241365982795085
Q14,D0446,Engaging active rotation,"Powershifting, engagement, and identity",0.0,0.0442251941053574,0.0,0.0,0.01802864533621163,0.08169730789380747,0.0
Q14,D0447,"Hybrid roles, tanking, and damage",Class identity and distinctiveness,0.0696833579320524,0.017163704001518832,0.0294057667862161,0.0,0.022627886828472343,0.001711454235576069,0.031669328755241255
Q14,D0448,Engaging active rotation,"Hybrid roles, tanking, and damage",0.06353503765564411,0.0,0.0,0.0,0.0,0.18810361687855998,0.0
Q14,D0449,"Hybrid roles, tanking, and damage",Engaging active rotation,0.0,0.0,0.0,0.0,0.0,0.0,0.0
Q14,D0450,"Hybrid roles, tanking, and damage",Engaging active rotation,0.0,0.0,0.0,0.0,0.0,0.0,0.0
Q14,D0451,Engaging active rotation,"Hybrid roles, tanking, and damage",0.03655661937105207,0.03395920211145663,0.0,0.0,0.0,0.046707556043866186,0.0
Q14,D0452,"Hybrid roles, tanking, and damage","Powershifting, engagement, and identity",0.1257115971184105,0.038735401146847336,0.0,0.0,0.007641360745185006,0.0,0.0
Q14,D0453,"Hybrid roles, tanking, and damage",Energy waiting and downtime,0.0700075647438593,0.02433049462985074,0.0,0.0,0.04868356101796971,0.02156367485983035,0.04156826145888759
Q14,D0454,Energy waiting and downtime,APM and skill expression,0.0,0.0,0.014925998330772468,0.0,0.026213210993785284,0.0,0.0
Q14,D0455,"Hybrid roles, tanking, and damage",Class identity and distinctiveness,0.11074113044707075,0.0,0.0,0.0,0.0,0.0,0.0
Q14,D0456,Engaging active rotation,"Hybrid roles, tanking, and damage",0.023120239773559766,0.02185730482077058,0.0,0.0,0.015140893286355582,0.1512464300620517,0.0
Q14,D0457,"Hybrid roles, tanking, and damage",Class identity and distinctiveness,0.0483551415592933,0.0,0.0,0.0,0.0,0.0,0.0
Q14,D0458,"Hybrid roles, tanking, and damage",Energy waiting and downtime,0.10027650595735711,0.0,0.0,0.0,0.023921230065211872,0.021871418386201512,0.0
Q14,D0459,"Hybrid roles, tanking, and damage",Engaging active rotation,0.04874834768058422,0.013793960664925295,0.0,0.0,0.0,0.020722360037962746,0.0
Q14,D0460,"Hybrid roles, tanking, and damage","Powershifting, engagement, and identity",0.11736920354527629,0.09493414607015417,0.0,0.0,0.0,0.0,0.0
Q14,D0461,Class identity and distinctiveness,"Hybrid roles, tanking, and damage",0.008079538057256454,0.0,0.0,0.0,0.0,0.0,0.035642186773997206
Q14,D0462,Energy waiting and downtime,Engaging active rotation,0.02909538971656569,0.0,0.0,0.0,0.11480882382216595,0.0310522601841162,0.0
Q14,D0463,Class identity and distinctiveness,"Hybrid roles, tanking, and damage",0.03981831019835362,0.0,0.0,0.0,0.0,0.0,0.15616755401072813
Q14,D0464,Class identity and distinctiveness,"Powershifting, engagement, and identity",0.0,0.06073889883837935,0.0,0.0,0.0,0.0,0.07241997308933214
Q14,D0465,Energy waiting and downtime,Class identity and distinctiveness,0.0,0.0,0.0,0.0,0.037779848461417964,0.0,0.0
Q14,D0466,Slow or boring rotation,Engaging active rotation,0.0,0.0,0.0,0.1319946787933577,0.002395610681913985,0.0764164795590812,0.0
Q14,D0467,"Hybrid roles, tanking, and damage",Class identity and distinctiveness,0.138049115363188,0.0,0.0,0.0,0.0,0.0,0.0
Q14,D0468,Class identity and distinctiveness,"Hybrid roles, tanking, and damage",0.0185318636520015,0.0,0.0,0.0,0.0,0.0,0.045117523875839706
Q14,D0469,APM and skill expression,"Powershifting, engagement, and identity",0.012620634290682947,0.04528408600811872,0.11158998129767377,0.0,0.0019017599748276852,0.011488285478145883,0.002003113574909537
Q14,D0470,Slow or boring rotation,Class identity and distinctiveness,0.0,0.0,0.0,0.4143879480223735,0.0,0.0,0.0
Q14,D0471,Energy waiting and downtime,Engaging active rotation,0.0,0.0061184839490931115,0.0,0.0,0.059550361564934574,0.012235402112718867,0.0
Q14,D0472,Energy waiting and downtime,"Powershifting, engagement, and identity",0.0,0.0452968438755027,0.0,0.0,0.0464849840452881,0.024747506399751085,0.0
Q14,D0473,Engaging active rotation,"Hybrid roles, tanking, and damage",0.02638910608652455,0.0,0.0,0.0,0.0,0.07749421636993385,0.0
Q14,D0474,"Powershifting, engagement, and identity","Hybrid roles, tanking, and damage",0.003022238560483553,0.04569816265438833,0.0,0.0,0.0,0.0,0.0
Q14,D0475,"Hybrid roles, tanking, and damage",Energy waiting and downtime,0.1326228878408822,0.020535788929361913,0.0,0.0,0.03148524690469465,0.013072168106146417,0.0012897491089559469
Q14,D0476,Energy waiting and downtime,Class identity and distinctiveness,0.0,0.0,0.0,0.0,0.10254886823315022,0.0,0.0
Q14,D0477,"Powershifting, engagement, and identity",Energy waiting and downtime,0.015536534398699162,0.055930545646386574,0.0,0.0,0.03916669108549159,0.030251539444513656,0.006258189336554954
Q14,D0478,Energy waiting and downtime,Engaging active rotation,0.0,0.0061184839490931115,0.0,0.0,0.059550361564934574,0.012235402112718867,0.0
Q14,D0479,APM and skill expression,Energy waiting and downtime,0.0,0.0,0.21336795911710962,0.0,0.055635674496416945,0.0,0.0
Q14,D0480,Class identity and distinctiveness,"Powershifting, engagement, and identity",0.0,0.03858478361340651,0.0,0.0,0.0,0.0,0.08130463326646865
Q14,D0481,Class identity and distinctiveness,Energy waiting and downtime,0.0002925301818563655,0.08007842727342691,0.0,0.0,0.08283737820598315,0.0013511421140813833,0.0848687424557957
Q14,D0482,Class identity and distinctiveness,"Hybrid roles, tanking, and damage",0.0006614293973878798,0.0,0.0,0.0,0.0,0.0,0.040351796847297186
Q14,D0483,"Hybrid roles, tanking, and damage",Class identity and distinctiveness,0.002564725864136758,0.0,0.0,0.0,0.0,0.0,0.0
Q14,D0484,Energy waiting and downtime,APM and skill expression,0.0,0.0,0.012788228805615516,0.0,0.0824733711542082,0.0,0.0
Q14,D0485,Class identity and distinctiveness,"Hybrid roles, tanking, and damage",0.038330320250544316,0.018910933642647364,0.0,0.0,0.026595519873831887,0.0,0.06328380504368307
Q14,D0486,"Hybrid roles, tanking, and damage",Energy waiting and downtime,0.015357392915970965,0.0,0.0,0.0,0.013656701793122379,0.0,0.0
Q14,D0487,"Powershifting, engagement, and identity",Class identity and distinctiveness,0.0,0.15903393820542805,0.0,0.0,0.0,0.0,0.0
Q14,D0488,Engaging active rotation,APM and skill expression,0.0,0.0,0.03869582693583944,0.0,0.0018774583860257075,0.10390854467087511,0.0
Q14,D0489,Energy waiting and downtime,Class identity and distinctiveness,0.0,0.0,0.0,0.0,0.09351794978249417,0.0,0.0
Q14,D0490,Energy waiting and downtime,"Hybrid roles, tanking, and damage",0.007693241438631809,0.0,0.0,0.0,0.0809190624520558,0.0,0.0
Q14,D0491,Energy waiting and downtime,APM and skill expression,0.00363128841317663,0.0,0.020458820730781715,0.0,0.042056979770477024,0.01296542510863123,0.0
Q14,D0492,Engaging active rotation,"Hybrid roles, tanking, and damage",0.02200064577003695,0.020115056962213038,0.0,0.0,0.002061713576232331,0.04457287351126311,0.016562357859189556
Q14,D0493,"Hybrid roles, tanking, and damage",Energy waiting and downtime,0.04685548975713596,0.0,0.0,0.0,0.014612992711864597,0.0,0.0
Q14,D0494,"Powershifting, engagement, and identity",Class identity and distinctiveness,0.0,0.11117037925351124,0.0,0.0,0.0,0.0,0.06953674864813318
Q14,D0495,Energy waiting and downtime,APM and skill expression,0.0,0.0,0.03901521956867818,0.0,0.04724221417770223,0.0,0.0
Q14,D0496,Energy waiting and downtime,"Hybrid roles, tanking, and damage",0.03544881503673148,0.018914648036535926,0.004248120820206789,0.0,0.06840935780680032,0.021290495387715765,0.015310457282525936
Q14,D0497,Energy waiting and downtime,"Hybrid roles, tanking, and damage",0.004230908375050539,0.0,0.0,0.0,0.005977996280195851,0.0,2.138079507586343e-05
Q14,D0498,"Hybrid roles, tanking, and damage",Class identity and distinctiveness,0.020628584032259922,0.0,0.0,0.0,0.0,0.0,0.0
Q14,D0499,Slow or boring rotation,Engaging active rotation,0.0,0.03041055150990825,0.0,0.06657817844986756,0.0,0.04351415766488182,0.0
Q14,D0500,"Hybrid roles, tanking, and damage",Energy waiting and downtime,0.07994102501529123,0.0,0.0,0.0,0.0033260136699788433,0.0,0.0
Q14,D0501,Energy waiting and downtime,"Powershifting, engagement, and identity",0.0,0.06838890403748332,0.0,0.0,0.11758182319684451,0.05106093234623928,0.0
Q14,D0502,Energy waiting and downtime,Engaging active rotation,0.046689156165475594,0.03207568507109303,0.0,0.0,0.09135248609858816,0.08718169980471357,0.004713389017621919
Q14,D0503,"Hybrid roles, tanking, and damage",Class identity and distinctiveness,0.08851526355821697,0.021741408981366155,0.0,0.0,0.003225082154484094,0.0,0.02470179389531967
Q14,D0504,"Hybrid roles, tanking, and damage",Class identity and distinctiveness,0.007216376763836932,0.0,0.0,0.0,0.0,0.0,0.0
Q14,D0505,Energy waiting and downtime,"Hybrid roles, tanking, and damage",0.014525729241812587,0.0,0.0,0.0,0.1038917530505469,0.0,0.0
Q14,D0506,Energy waiting and downtime,"Hybrid roles, tanking, and damage",0.03982622121798031,0.0,0.0,0.0,0.08434173539823418,0.0,0.004507074424742882
Q14,D0507,Engaging active rotation,"Hybrid roles, tanking, and damage",0.008693210253218439,0.0,0.005229122947023177,0.0,0.0,0.01184081351138047,0.0
Q14,D0508,APM and skill expression,Engaging active rotation,0.0,0.0,0.04987438174877153,0.0,0.00369175797443712,0.02536456278202305,0.0
Q14,D0509,Energy waiting and downtime,"Hybrid roles, tanking, and damage",0.020471413443610822,0.0,0.0,0.0157062544286425,0.033962788814249974,0.0,0.0
Q14,D0510,Engaging active rotation,Class identity and distinctiveness,0.0,0.0,0.0,0.007818439500437332,0.025264037819125826,0.13188342611117998,0.05971742159806306
Q14,D0511,"Hybrid roles, tanking, and damage",Engaging active rotation,0.0,0.0,0.0,0.0,0.0,0.0,0.0
Q14,D0512,Class identity and distinctiveness,APM and skill expression,0.0,0.0,0.1523056784730665,0.0,0.0,0.05735132674253804,0.17318202529514343
Q14,D0513,"Hybrid roles, tanking, and damage",Class identity and distinctiveness,0.13706324884153115,0.0,0.0,0.0,0.0,0.0,0.0
Q14,D0514,Energy waiting and downtime,"Powershifting, engagement, and identity",0.0,0.05356613431705036,0.0,0.0,0.07681365996693582,0.0,0.0
Q14,D0515,"Powershifting, engagement, and identity",Class identity and distinctiveness,0.04003333066668368,0.05281382248800845,0.0,0.0,0.017892878040157545,0.0,0.04232082659862661
Q14,D0516,Engaging active rotation,Energy waiting and downtime,0.0,0.0,0.0,0.0,0.002440176524974133,0.12217906632116084,0.0
Q14,D0517,"Hybrid roles, tanking, and damage",Class identity and distinctiveness,0.01699076522488258,0.0,0.0,0.0,0.0,0.0,0.0
Q14,D0518,Engaging active rotation,"Hybrid roles, tanking, and damage",0.00486565173389474,0.0,0.0,0.0,0.0018878323881944758,0.022086537185969958,0.0
Q14,D0519,Engaging active rotation,Slow or boring rotation,0.004875648256864497,0.03709843525686278,0.0,0.06635024634468342,0.0017552358254675799,0.08742492394970236,0.0
Q14,D0520,"Hybrid roles, tanking, and damage",Engaging active rotation,0.0,0.0,0.0,0.0,0.0,0.0,0.0
Q14,D0521,Energy waiting and downtime,"Powershifting, engagement, and identity",0.015923659154086407,0.030332863133092754,0.0,0.0,0.0897824709017491,0.026434362400407776,0.0
Q14,D0522,Energy waiting and downtime,"Hybrid roles, tanking, and damage",0.009663838607443789,0.0,0.0,0.0,0.06796218617958583,0.0,0.005864357476736134
Q14,D0523,Energy waiting and downtime,Class identity and distinctiveness,0.0,0.0,0.0,0.0,0.06472831475026677,0.0,0.0
Q14,D0524,"Powershifting, engagement, and identity",Class identity and distinctiveness,0.0,0.39340158463872044,0.0,0.0,0.0,0.0,0.0
Q14,D0525,Energy waiting and downtime,Slow or boring rotation,0.0,0.04815602265539201,0.0,0.07097507540414852,0.0821672534458136,0.02577916508133934,0.0
Q14,D0526,Engaging active rotation,Class identity and distinctiveness,0.0,0.0,0.0,0.0,0.0,0.07989877043938207,0.0
Q14,D0527,"Hybrid roles, tanking, and damage",Engaging active rotation,0.04331341268017886,0.005991155630496391,0.0,0.0,0.006121859847293834,0.041878840055176225,0.0
Q14,D0528,APM and skill expression,Energy waiting and downtime,0.0158129579905173,0.03001200317454058,0.10086713253928634,0.0,0.041615332213223784,0.0,0.029462774781015777
Q14,D0529,Energy waiting and downtime,"Powershifting, engagement, and identity",0.025469920441362703,0.035733016282908085,0.0,0.0,0.05348137808470004,0.0,0.0
Q14,D0530,"Hybrid roles, tanking, and damage",Class identity and distinctiveness,0.027248504752314037,0.0,0.0,0.0,0.0,0.0,0.0
Q14,D0531,Class identity and distinctiveness,"Powershifting, engagement, and identity",0.0,0.06850153701911597,0.0,0.0,0.004297648224563737,0.0,0.08906239610624819
Q14,D0532,"Hybrid roles, tanking, and damage",Engaging active rotation,0.0,0.0,0.0,0.0,0.0,0.0,0.0
Q14,D0533,Class identity and distinctiveness,Energy waiting and downtime,0.013455424460386192,0.025024668341829044,0.01966243836614105,0.0,0.03943688136600168,0.0,0.08519861596468001
Q14,D0534,"Powershifting, engagement, and identity",APM and skill expression,0.0,0.05421663848732859,0.019866311154476065,0.0,0.0,0.0,0.0
Q14,D0535,"Hybrid roles, tanking, and damage",Energy waiting and downtime,0.056772936876518014,0.03555848312589283,0.0,0.0,0.05121126370635549,0.0,0.01083410079154539
Q14,D0536,"Hybrid roles, tanking, and damage",Class identity and distinctiveness,0.053956209033487225,0.0,0.0,0.0,0.0,0.0,0.0
Q14,D0537,Energy waiting and downtime,Class identity and distinctiveness,0.0,0.0,0.0,0.0,0.03809143762429296,0.0,0.0
Q14,D0538,Energy waiting and downtime,Class identity and distinctiveness,0.0,0.0,0.0,0.0,0.09583610509704256,0.0,0.0
Q14,D0539,Class identity and distinctiveness,"Hybrid roles, tanking, and damage",0.03908792438612126,0.006702885554350312,0.0,0.02011744632468256,0.0,0.0,0.09740277480377181
Q14,D0540,"Hybrid roles, tanking, and damage",Class identity and distinctiveness,0.002780869648235778,0.0,0.0,0.0,0.0,0.0,0.0
Q14,D0541,"Hybrid roles, tanking, and damage",Class identity and distinctiveness,0.04234730890102092,0.0,0.0,0.0,0.0,0.0,0.0
Q14,D0542,"Hybrid roles, tanking, and damage","Powershifting, engagement, and identity",0.1418515783155037,0.045718373531662033,0.029678599449738323,0.0,0.0,0.010467097442729783,0.0
Q14,D0543,Energy waiting and downtime,APM and skill expression,0.0,0.0,0.0018082262871238135,0.0,0.02260500066842668,0.0,0.0
Q14,D0544,Engaging active rotation,Class identity and distinctiveness,0.004954451400947482,0.0,0.0,0.0,0.0,0.04371146710191832,0.02630534732642594
Q14,D0545,Slow or boring rotation,Class identity and distinctiveness,0.0,0.0,0.0,0.4143879480223735,0.0,0.0,0.0
Q14,D0546,"Hybrid roles, tanking, and damage",Engaging active rotation,0.0,0.0,0.0,0.0,0.0,0.0,0.0
Q14,D0547,"Hybrid roles, tanking, and damage",Class identity and distinctiveness,0.03154735755379704,0.0,0.0,0.0,0.0,0.0,0.0
Q14,D0548,Energy waiting and downtime,"Powershifting, engagement, and identity",0.0,0.04049884210774436,0.0,0.0,0.060458453107446235,0.0,0.012496783778966887
Q14,D0549,"Powershifting, engagement, and identity",Class identity and distinctiveness,0.0,0.07570945647032354,0.0,0.0,0.0,0.0,0.0
Q14,D0550,"Hybrid roles, tanking, and damage",Class identity and distinctiveness,0.17928126934160574,0.0,0.0,0.0,0.0,0.0,0.0
Q14,D0551,Class identity and distinctiveness,Engaging active rotation,0.0,0.0,0.0,0.0,0.0,0.0,1.260540051356986e-05
Q14,D0552,Energy waiting and downtime,Class identity and distinctiveness,0.0,0.0,0.0,0.0,0.25589578328359813,0.0,0.0
Q14,D0553,"Hybrid roles, tanking, and damage",Class identity and distinctiveness,0.033832535082824605,0.0,0.0,0.0,0.0,0.0,0.012597516558147765
Q14,D0554,"Hybrid roles, tanking, and damage",Class identity and distinctiveness,0.060417862328418045,0.0,0.0,0.0,0.0,0.0,0.0
Q14,D0555,Slow or boring rotation,"Hybrid roles, tanking, and damage",0.07583363717302727,0.0330996097133018,0.0,0.07701221278998907,0.0,0.0,0.0
Q14,D0556,APM and skill expression,"Powershifting, engagement, and identity",0.0,0.21586716430553451,0.28394057117493277,0.0,0.0,0.0,0.0
Q14,D0557,"Hybrid roles, tanking, and damage",Class identity and distinctiveness,0.03585713780061134,0.021267405222294648,0.0,0.0,0.0,0.0,0.023468362969699667
Q14,D0558,"Hybrid roles, tanking, and damage",Engaging active rotation,0.06585244797185633,0.0,0.0,0.0,0.0,0.046537799160235524,0.0
Q14,D0559,"Hybrid roles, tanking, and damage",Engaging active rotation,0.047466294386365744,0.0,0.0,0.0,0.0,0.00303416841155572,0.0
Q14,D0560,"Hybrid roles, tanking, and damage",Slow or boring rotation,0.09709395475847754,0.0,0.0,0.07054705583957528,0.0,0.035445492382213305,0.0
Q14,D0561,Slow or boring rotation,Class identity and distinctiveness,0.0,0.0,0.0,0.14260110259038875,0.0,0.0,0.0005998098560958533
Q14,D0562,"Hybrid roles, tanking, and damage",Class identity and distinctiveness,0.001420451968123443,0.0,0.0,0.0,0.0,0.0,0.0
Q14,D0563,Slow or boring rotation,Class identity and distinctiveness,0.0,0.0426848286451671,0.0,0.06898613106920681,0.04530795604843093,0.0,0.05450695121868023
Q14,D0564,Engaging active rotation,"Hybrid roles, tanking, and damage",0.04983688107572243,0.0,0.008978949535578443,0.0,0.008410254555643565,0.06104420428022814,0.0
Q14,D0565,"Hybrid roles, tanking, and damage",Engaging active rotation,0.0,0.0,0.0,0.0,0.0,0.0,0.0
Q14,D0566,"Hybrid roles, tanking, and damage",Energy waiting and downtime,0.17088116161144148,0.0,0.0,0.0,0.030727497270890573,0.018441102573139755,0.0
Q14,D0567,APM and skill expression,Engaging active rotation,0.0,0.0,0.12012417857599383,0.0,0.0,0.0969664373211675,0.0
Q14,D0568,APM and skill expression,Energy waiting and downtime,0.0011368743614994467,0.0,0.06019666304553043,0.0,0.011723740739442719,0.0,0.000585143450457969
Q14,D0569,"Hybrid roles, tanking, and damage",Class identity and distinctiveness,0.022436661443521824,0.0,0.0,0.0,0.0,0.0,0.003989938159573094
Q14,D0570,"Hybrid roles, tanking, and damage",Energy waiting and downtime,0.1303307958176292,0.0,0.0,0.0,0.034250986031089434,0.012882214299484107,0.0
Q14,D0571,Energy waiting and downtime,Engaging active rotation,0.00013256874740500104,0.0,0.0,0.0,0.005695537861863204,0.0022805248024056184,0.0
Q14,D0572,"Hybrid roles, tanking, and damage",Class identity and distinctiveness,0.08246435623097365,0.0,0.0,0.0,0.0,0.0,0.0
Q14,D0573,Class identity and distinctiveness,Engaging active rotation,0.0,0.0,0.0,0.0,0.01887081812073433,0.023215117327670433,0.1427964478336863
Q14,D0574,"Powershifting, engagement, and identity","Hybrid roles, tanking, and damage",0.005715294595382508,0.0740926998328187,0.0,0.0,0.0,0.0,0.0
Q14,D0575,Energy waiting and downtime,Class identity and distinctiveness,0.0,0.0,0.0,0.0,0.1170145522144934,0.0,0.0
Q14,D0576,"Hybrid roles, tanking, and damage",Class identity and distinctiveness,0.07018587600353192,0.0,0.0,0.0,0.0,0.0,0.0
Q14,D0577,Engaging active rotation,"Hybrid roles, tanking, and damage",0.07990496654174711,0.0,0.0,0.0,0.0,0.1177772092859599,0.0
Q14,D0578,"Hybrid roles, tanking, and damage",Class identity and distinctiveness,0.02475144644878248,0.0,0.0,0.0,0.0,0.0,0.0
Q14,D0579,Engaging active rotation,Class identity and distinctiveness,0.0,0.0,0.0,0.0,0.0,0.2016024869704067,0.0
Q14,D0580,Engaging active rotation,Energy waiting and downtime,0.005729899478540469,0.0,0.0,0.0,0.009993823554222663,0.0782542761277319,0.0
Q14,D0581,"Hybrid roles, tanking, and damage",Engaging active rotation,0.0,0.0,0.0,0.0,0.0,0.0,0.0
Q14,D0582,Energy waiting and downtime,"Powershifting, engagement, and identity",0.0,0.06264554198469215,0.0,0.0,0.07208218690646963,0.0,0.0
Q14,D0583,Energy waiting and downtime,"Hybrid roles, tanking, and damage",0.002254645755768886,0.0,0.0,0.0,0.049387097921177264,0.0,0.0
Q14,D0584,"Hybrid roles, tanking, and damage",Class identity and distinctiveness,0.035623440793588125,0.0,0.0,0.0,0.0,0.0,0.0
Q14,D0585,"Hybrid roles, tanking, and damage",Engaging active rotation,0.0,0.0,0.0,0.0,0.0,0.0,0.0
Q14,D0586,Engaging active rotation,Class identity and distinctiveness,0.0,0.0,0.0,0.0,0.0,0.00753701094011147,0.0
Q14,D0587,"Hybrid roles, tanking, and damage",Engaging active rotation,0.0,0.0,0.0,0.0,0.0,0.0,0.0
Q14,D0588,Energy waiting and downtime,Class identity and distinctiveness,0.008199971610836502,0.0,0.0,0.0,0.05569833925521219,0.0,0.0485183762631729
Q14,D0589,Energy waiting and downtime,Engaging active rotation,0.0,0.0,0.0,0.0,0.060313644245102126,0.0023524943629096833,0.0
Q14,D0590,Engaging active rotation,Class identity and distinctiveness,0.01373434735790068,0.018394820397423538,0.0,0.0,0.024847471656927914,0.02979723466339604,0.026315234882863445
Q14,D0591,Class identity and distinctiveness,Engaging active rotation,0.0,0.0,0.0,0.0,0.0,0.04203303443164288,0.10052487955108408
Q14,D0592,"Hybrid roles, tanking, and damage",Class identity and distinctiveness,0.09868293497272251,0.0,0.0,0.0,0.0,0.0,0.0
Q14,D0593,Energy waiting and downtime,Class identity and distinctiveness,0.0,0.0,0.0,0.0,0.08106611776319972,0.0,0.0
Q14,D0594,"Hybrid roles, tanking, and damage",Class identity and distinctiveness,0.015323691139949658,0.0,0.0,0.0,0.0,0.0,0.0
Q14,D0595,"Hybrid roles, tanking, and damage",Class identity and distinctiveness,0.028540493701542564,0.0,0.0,0.0,0.0,0.0,0.0
Q14,D0596,APM and skill expression,Energy waiting and downtime,0.0,0.0,0.06777208113073793,0.0,0.040258438321484416,0.0,0.022139258164776347
Q14,D0597,Energy waiting and downtime,APM and skill expression,0.00848405883093485,0.016548812930954043,0.05083062023824178,0.0,0.08053939921746428,0.0,0.0
Q14,D0598,"Hybrid roles, tanking, and damage",Class identity and distinctiveness,0.08066889495997875,0.0,0.0,0.0,0.0,0.0,0.02980849848654676
Q14,D0599,"Powershifting, engagement, and identity",Class identity and distinctiveness,0.02023656109518942,0.0793887326802328,0.0,0.0,0.0,0.0,0.05595586970438824
Q14,D0600,Engaging active rotation,Energy waiting and downtime,0.0,0.0,0.0,0.0,0.009645244737842666,0.030954516408077233,0.0
Q14,D0601,APM and skill expression,Energy waiting and downtime,0.0,0.03638041300079154,0.10185683432172334,0.0,0.061078230253593845,0.03253965079484179,0.033219753834840084
Q14,D0602,APM and skill expression,Class identity and distinctiveness,0.0,0.0,0.1329108046472248,0.0,0.0,0.0,0.0
Q14,D0603,Class identity and distinctiveness,Energy waiting and downtime,0.0,0.0,0.0,0.0,0.0005641953390373994,0.0,0.05819763883407447
Q14,D0604,Engaging active rotation,"Hybrid roles, tanking, and damage",0.015238019686235943,0.0,0.0,0.0,0.0,0.018967913551548168,0.0
Q14,D0605,"Hybrid roles, tanking, and damage",Engaging active rotation,0.0,0.0,0.0,0.0,0.0,0.0,0.0
Q14,D0606,"Powershifting, engagement, and identity",Energy waiting and downtime,0.0,0.08658793344093231,0.0,0.0,0.020274127419251258,0.0,0.0
Q14,D0607,"Hybrid roles, tanking, and damage",Engaging active rotation,0.0,0.0,0.0,0.0,0.0,0.0,0.0
Q14,D0608,Energy waiting and downtime,"Powershifting, engagement, and identity",0.0,0.09125294483059183,0.0,0.0,0.09441631984453347,0.0,0.005820146067954632
Q14,D0609,"Hybrid roles, tanking, and damage",Engaging active rotation,0.0,0.0,0.0,0.0,0.0,0.0,0.0
Q14,D0610,"Hybrid roles, tanking, and damage",Energy waiting and downtime,0.03642895284382483,0.0,0.0,0.0,0.002087786190863432,0.0,0.0
Q14,D0611,Energy waiting and downtime,Class identity and distinctiveness,0.0,0.0,0.0,0.0,0.09067369900555226,0.0,0.038854597177133604
Q14,D0612,"Hybrid roles, tanking, and damage",Class identity and distinctiveness,0.08292781967863505,0.0,0.0,0.0,0.0,0.0,0.0
Q14,D0613,"Hybrid roles, tanking, and damage",Class identity and distinctiveness,0.03832537982882158,0.0,0.0,0.0,0.0,0.0,0.013565516635996961
Q14,D0614,"Hybrid roles, tanking, and damage",Engaging active rotation,0.0,0.0,0.0,0.0,0.0,0.0,0.0
Q14,D0615,Engaging active rotation,Class identity and distinctiveness,0.00839395679419298,0.0,0.02344370616244394,0.0,0.006762435906382954,0.06570157763095794,0.03787743534948727
Q14,D0616,"Hybrid roles, tanking, and damage","Powershifting, engagement, and identity",0.12819468988001628,0.04907235286226806,0.0,0.0,0.00010796692814026912,0.0,0.0
Q14,D0617,Energy waiting and downtime,"Powershifting, engagement, and identity",0.0,0.033166173516390916,0.0,0.0,0.10326083945153983,0.0,0.0
Q14,D0618,"Hybrid roles, tanking, and damage",Class identity and distinctiveness,0.013017016713793125,0.0,0.0,0.0,0.0,0.0,0.0
Q14,D0619,"Hybrid roles, tanking, and damage",Engaging active rotation,0.0,0.0,0.0,0.0,0.0,0.0,0.0
Q14,D0620,"Powershifting, engagement, and identity",Class identity and distinctiveness,0.0,0.09415590108358593,0.0,0.0,0.0,0.0,0.07952833744226774
Q14,D0621,"Hybrid roles, tanking, and damage",Class identity and distinctiveness,0.11609641570513629,0.0,0.0,0.0,0.0,0.0,0.0
Q14,D0622,"Powershifting, engagement, and identity",Class identity and distinctiveness,0.0,0.13407715863356137,0.0,0.0,0.0,0.0,0.0
Q14,D0623,"Hybrid roles, tanking, and damage",Class identity and distinctiveness,0.06068068580765348,0.0,0.0,0.0,0.0,0.0,0.0
Q14,D0624,"Powershifting, engagement, and identity",Class identity and distinctiveness,0.0,0.06461097222986792,0.0,0.0,0.005353520554764781,0.0,0.02746857772578801
Q14,D0625,APM and skill expression,Energy waiting and downtime,0.015498887521806094,0.015926103338437338,0.05766303769243671,0.0,0.05757252183177272,0.022446468028896698,0.0
Q14,D0626,Class identity and distinctiveness,"Hybrid roles, tanking, and damage",0.01388077744286168,0.0,0.0,0.0,0.0,0.0,0.06608692981726172
Q14,D0627,"Hybrid roles, tanking, and damage",Class identity and distinctiveness,0.08379118021137281,0.0,0.0,0.0,0.0,0.0,0.0
Q14,D0628,"Hybrid roles, tanking, and damage",Energy waiting and downtime,0.05587342669805378,0.03686061028224316,0.0,0.0,0.03908756719714266,0.0,0.03105947443734487
Q14,D0629,"Hybrid roles, tanking, and damage",Engaging active rotation,0.0,0.0,0.0,0.0,0.0,0.0,0.0
Q14,D0630,APM and skill expression,Class identity and distinctiveness,0.0,0.0,0.3536886691297909,0.0,0.0,0.0,0.0
Q14,D0631,"Hybrid roles, tanking, and damage",Class identity and distinctiveness,0.0612335479644451,0.0,0.0,0.0,0.0,0.0,0.0
Q14,D0632,"Powershifting, engagement, and identity","Hybrid roles, tanking, and damage",0.02014069669185672,0.04928530236701777,0.0,0.0,0.0,0.0,0.0
Q14,D0633,Slow or boring rotation,Class identity and distinctiveness,0.0,0.0,0.0,0.21536143196199348,0.0,0.0,0.0
Q14,D0634,"Hybrid roles, tanking, and damage",Engaging active rotation,0.05657260719742941,0.0,0.0,0.0,0.0,0.03657012248854156,0.0
Q14,D0635,Class identity and distinctiveness,Engaging active rotation,0.0,0.0,0.0,0.0,0.0,0.0,0.0716702355462825
Q14,D0636,Engaging active rotation,"Hybrid roles, tanking, and damage",0.04795156604933955,0.0,0.0,0.0,0.0,0.058185161616133074,0.020609983612081547
Q14,D0637,"Hybrid roles, tanking, and damage",Class identity and distinctiveness,0.15822465959122697,0.0,0.0,0.0,0.0,0.0,0.022895412071042107
Q14,D0638,APM and skill expression,Class identity and distinctiveness,0.0,0.0,0.14678709280084196,0.0,0.0,0.0,0.08154320174142377
Q14,D0639,"Hybrid roles, tanking, and damage",Energy waiting and downtime,0.07126777991657181,0.0,0.0,0.0,0.00888783261589942,0.0,0.007244110046753007
Q14,D0640,Engaging active rotation,Energy waiting and downtime,0.031742908742622096,0.0,0.024549307731418623,0.0,0.03305862178411233,0.04518374006533755,0.006801049570313182
Q14,D0641,"Hybrid roles, tanking, and damage","Powershifting, engagement, and identity",0.06680732193051436,0.04574072345078248,0.0,0.0,0.0,0.0,0.01892959831874491
Q14,D0642,Engaging active rotation,Class identity and distinctiveness,0.02998834206408845,0.0,0.0,0.0,0.0,0.03747802271500893,0.032819740680711834
Q14,D0643,"Powershifting, engagement, and identity","Hybrid roles, tanking, and damage",0.05826558613523522,0.09873835177754921,0.013981387074422008,0.0,0.0,0.0,0.0
Q14,D0644,Class identity and distinctiveness,"Powershifting, engagement, and identity",0.0321095141383992,0.044805585938946214,0.0,0.0,0.005441251364275037,0.0,0.051069752592237457
Q14,D0645,"Hybrid roles, tanking, and damage",Class identity and distinctiveness,0.1303674184991972,0.0,0.0,0.0,0.0,0.0,0.0
Q14,D0646,Class identity and distinctiveness,"Powershifting, engagement, and identity",0.031994001341035944,0.040418748956842464,0.0,0.0,0.02909452128113649,0.0,0.05468086325591673
Q14,D0647,Class identity and distinctiveness,Engaging active rotation,0.0,0.0,0.0,0.0,0.0,0.0,0.2510430565164149
Q14,D0648,Energy waiting and downtime,"Hybrid roles, tanking, and damage",0.0056814562166604314,0.0,0.0,0.0,0.008727580110270038,0.0,0.0
Q14,D0649,Energy waiting and downtime,"Hybrid roles, tanking, and damage",0.021698393774665304,0.0,0.0,0.0,0.04297499504207928,0.0009991706131431063,0.0
Q14,D0650,"Hybrid roles, tanking, and damage",Engaging active rotation,0.0,0.0,0.0,0.0,0.0,0.0,0.0
Q14,D0651,APM and skill expression,"Hybrid roles, tanking, and damage",0.0031323789708048062,0.0,0.11716641659067044,0.0,0.0,0.0,0.002314430008044986
Q14,D0652,"Powershifting, engagement, and identity","Hybrid roles, tanking, and damage",0.05698941887313161,0.06882089578244824,0.0,0.0,0.0,0.0,0.0
Q14,D0653,APM and skill expression,Energy waiting and downtime,0.0,0.0,0.04152481386623113,0.009633668730855643,0.03159817478554462,0.0,0.0
Q14,D0654,APM and skill expression,"Hybrid roles, tanking, and damage",0.011499994623569593,0.0,0.012274723329945995,0.0,0.0,0.0,0.0
Q14,D0655,Class identity and distinctiveness,"Hybrid roles, tanking, and damage",0.003660798373163213,0.0,0.0,0.0,0.0,0.0,0.08441026158682281
Q14,D0656,"Hybrid roles, tanking, and damage",Energy waiting and downtime,0.05853960150328929,0.0,0.0,0.0,0.042733750352009145,0.0,0.0
Q14,D0657,Energy waiting and downtime,Engaging active rotation,0.0,0.0,0.0,0.0,0.1657880459291792,0.059672543628316206,0.0
Q14,D0658,"Hybrid roles, tanking, and damage",Slow or boring rotation,0.11634785152867355,0.0,0.0,0.06093848413031312,0.0,0.0,0.019158296749615934
Q14,D0659,"Hybrid roles, tanking, and damage",Class identity and distinctiveness,0.028872205157771513,0.0,0.0,0.0,0.0,0.0,0.0
Q14,D0660,Energy waiting and downtime,Class identity and distinctiveness,0.0,0.0,0.0,0.0,0.3319303094818659,0.0,0.0
Q14,D0661,APM and skill expression,"Hybrid roles, tanking, and damage",0.02375280401432692,0.0,0.20885412586124805,0.0,0.0,0.0,0.0
Q14,D0662,"Hybrid roles, tanking, and damage",Class identity and distinctiveness,0.13418867729956738,0.0,0.0,0.0,0.0,0.0,0.0
Q14,D0663,Energy waiting and downtime,Engaging active rotation,0.0,0.0,0.0,0.0,0.11030224556041701,0.02304512552157525,0.0
Q14,D0664,"Hybrid roles, tanking, and damage",Class identity and distinctiveness,0.08245633726693773,0.0,0.0,0.0,0.0,0.0,0.0
Q14,D0665,Engaging active rotation,"Powershifting, engagement, and identity",0.01444787834714403,0.03177998981511641,0.0,0.0,0.0024416431544819804,0.037795625983902334,0.0
Q14,D0666,Engaging active rotation,"Hybrid roles, tanking, and damage",0.031359780582141596,0.0,0.0,0.0,0.0,0.06189342305543239,0.0
Q14,D0667,"Hybrid roles, tanking, and damage",Class identity and distinctiveness,0.05484392835361049,0.0,0.0034421746368477253,0.0,0.0,0.0,0.0064318786457601375
Q14,D0668,"Hybrid roles, tanking, and damage",Energy waiting and downtime,0.004333034407963227,0.0,0.0,0.0,0.0042999143991246346,0.0,0.0
Q14,D0669,Class identity and distinctiveness,"Powershifting, engagement, and identity",0.0020118650079896856,0.0378390056966809,0.0,0.0,0.0,0.0,0.08372915041411559
Q14,D0670,Class identity and distinctiveness,"Hybrid roles, tanking, and damage",0.005570273108441743,0.0,0.0,0.0,0.0,0.0,0.12985131546175654
Q14,D0671,"Hybrid roles, tanking, and damage",Class identity and distinctiveness,0.04132350090409131,0.0,0.0,0.0,0.0,0.0,0.0
Q14,D0672,Energy waiting and downtime,APM and skill expression,0.0,0.0,0.00942168802624196,0.0,0.013219497410509054,0.0,0.0
Q14,D0673,"Hybrid roles, tanking, and damage",Engaging active rotation,0.0,0.0,0.0,0.0,0.0,0.0,0.0
Q14,D0674,"Hybrid roles, tanking, and damage",Class identity and distinctiveness,0.020763985697276444,0.0,0.0,0.0,0.0,0.0,0.0
Q14,D0675,Energy waiting and downtime,"Hybrid roles, tanking, and damage",0.0038945989668115705,0.0,0.0,0.0,0.008924448961065734,0.0,0.0
Q14,D0676,Class identity and distinctiveness,Engaging active rotation,0.0019649449235458294,0.0,0.0,0.0,0.0,0.010567721841895448,0.031705090831400703
Q14,D0677,"Powershifting, engagement, and identity",Energy waiting and downtime,0.0,0.07575684998264036,0.0,0.0,0.0075773761229620575,0.0,0.0
Q14,D0678,"Hybrid roles, tanking, and damage",Energy waiting and downtime,0.038395123985795955,0.013670976778159255,0.0,0.0,0.03135360124082533,0.0,0.0
Q14,D0679,"Hybrid roles, tanking, and damage",Engaging active rotation,0.1171324187639082,0.0,0.0,0.0,0.0,0.04809734860634238,0.0
Q14,D0680,Engaging active rotation,Class identity and distinctiveness,0.0,0.0,0.0,0.0,0.0,0.08826245946842337,0.0
Q14,D0681,"Hybrid roles, tanking, and damage",Class identity and distinctiveness,0.013281744032621084,0.0,0.0,0.0,0.0,0.0,0.0
Q14,D0682,"Hybrid roles, tanking, and damage",Energy waiting and downtime,0.03204174719183271,0.0,0.0,0.0,0.0018240466441665428,0.0,0.0
Q14,D0683,"Hybrid roles, tanking, and damage",Class identity and distinctiveness,0.03532405166243709,0.0,0.0,0.0,0.0,0.0,0.0
Q14,D0684,APM and skill expression,Energy waiting and downtime,0.0,0.0,0.08412706653511542,0.0,0.015126768703177003,0.0,0.0
Q14,D0685,"Hybrid roles, tanking, and damage",Class identity and distinctiveness,0.05735509120735122,0.0,0.0,0.0,0.0,0.0,0.0
Q14,D0686,"Hybrid roles, tanking, and damage",Class identity and distinctiveness,0.09222096635271877,0.0,0.0,0.0,0.0,0.0,0.0
Q14,D0687,Class identity and distinctiveness,Engaging active rotation,0.0,0.0,0.0,0.0,0.0,0.0,0.15509515810740215
Q14,D0688,Engaging active rotation,"Hybrid roles, tanking, and damage",0.06775094746781934,0.02463390177681539,0.0,0.03457885868187884,0.01571260160706444,0.07923544112584995,0.0
Q14,D0689,"Hybrid roles, tanking, and damage",Engaging active rotation,0.0,0.0,0.0,0.0,0.0,0.0,0.0
Q14,D0690,APM and skill expression,Class identity and distinctiveness,0.0,0.016102244897465805,0.06974240935427099,0.0,0.0038827820824706826,0.0,0.03027077831640996
Q14,D0691,Energy waiting and downtime,Engaging active rotation,0.005346494688475213,0.003109423519249351,0.0,0.0,0.043454093452469394,0.015260855551919479,0.0
Q14,D0692,Engaging active rotation,Energy waiting and downtime,0.0,0.0,0.0,0.0,0.10704757015157841,0.11237325251327308,0.04647949273181483
Q14,D0693,"Hybrid roles, tanking, and damage",Engaging active rotation,0.1785403605727017,0.0,0.0,0.0,0.0,0.08639982455011985,0.0
Q14,D0694,Engaging active rotation,APM and skill expression,0.0358423645442852,0.0,0.09562775213972063,0.0,0.0,0.1521286672415532,0.0
Q14,D0695,"Hybrid roles, tanking, and damage",Engaging active rotation,0.06454485580876522,0.0,0.0,0.0,0.005134764996272741,0.022647579631780036,0.018508992021020604
Q14,D0696,Energy waiting and downtime,Class identity and distinctiveness,0.008498744462556534,0.0,0.0,0.0,0.054510967769336706,0.0,0.015030242060901304
Q14,D0697,Engaging active rotation,Energy waiting and downtime,0.0,0.0,0.0,0.0,0.028101775644431268,0.1740494443392656,0.0
Q14,D0698,Class identity and distinctiveness,Energy waiting and downtime,0.0,0.0,0.0,0.0,0.05290966754310223,0.0,0.07714360665822789
Q14,D0699,"Hybrid roles, tanking, and damage",Class identity and distinctiveness,0.05197851411587802,0.0,0.0,0.0,0.0,0.0,0.02352114404381797
Q14,D0700,"Hybrid roles, tanking, and damage",Class identity and distinctiveness,0.0046402043010184794,0.0,0.0,0.0,0.0,0.0,0.0
Q14,D0701,"Hybrid roles, tanking, and damage",Class identity and distinctiveness,0.06025682490032147,0.0,0.0,0.0,0.0,0.0,0.0
Q14,D0702,Class identity and distinctiveness,"Powershifting, engagement, and identity",0.025984524072201996,0.05392277174683485,0.0,0.0,0.0,0.0,0.05909685184884031
Q14,D0703,Energy waiting and downtime,"Hybrid roles, tanking, and damage",0.000989458678860043,0.0,0.0,0.0,0.016621309760079167,0.0,0.0
Q14,D0704,Energy waiting and downtime,"Hybrid roles, tanking, and damage",0.08855243213040383,0.0,0.0,0.0,0.1240935655284741,0.0,0.0
Q14,D0705,"Hybrid roles, tanking, and damage",Energy waiting and downtime,0.048598580147268075,0.045244022882418945,0.0,0.0,0.046240531148632746,0.0,0.0
Q14,D0706,"Powershifting, engagement, and identity","Hybrid roles, tanking, and damage",0.0021271840145780344,0.03716583646567391,0.0,0.0,0.0,0.0,0.0
Q14,D0707,"Powershifting, engagement, and identity",Engaging active rotation,0.0,0.15672154536314262,0.0,0.0,0.0,0.09882086807561923,0.0
Q14,D0708,Class identity and distinctiveness,Engaging active rotation,0.0,0.0,0.0,0.0,0.0,0.0,0.08764799256200531
Q14,D0709,"Hybrid roles, tanking, and damage",Engaging active rotation,0.027800650791365532,0.0,0.0016006939332676754,0.0,0.0,0.022797653365150397,0.0
Q14,D0710,"Hybrid roles, tanking, and damage",Engaging active rotation,0.0,0.0,0.0,0.0,0.0,0.0,0.0
Q14,D0711,Class identity and distinctiveness,"Powershifting, engagement, and identity",0.012165161046329571,0.021316889659343297,0.0,0.0,0.0,0.0,0.0672046043967148
Q14,D0712,APM and skill expression,Slow or boring rotation,0.0,0.0,0.12118470137132273,0.10375784841965978,0.0088168154574271,0.0,0.019707826359714818
Q14,D0713,"Hybrid roles, tanking, and damage",Engaging active rotation,0.0,0.0,0.0,0.0,0.0,0.0,0.0
Q14,D0714,Engaging active rotation,"Hybrid roles, tanking, and damage",0.012154451909906331,0.0,0.0,0.0,0.0009639002411741566,0.021364835062266437,0.0
Q14,D0715,"Powershifting, engagement, and identity",Slow or boring rotation,0.005702121772565435,0.06278858755092877,0.0,0.05114845248366728,0.012052567878333226,0.048083518041216744,0.0
Q14,D0716,Class identity and distinctiveness,"Hybrid roles, tanking, and damage",0.03264123242588428,0.0,0.0,0.0,0.0,0.0,0.10016846879914151
Q14,D0717,Engaging active rotation,"Hybrid roles, tanking, and damage",0.011145552724725505,0.0,0.0,0.0,0.0,0.06470918905988597,0.0
Q14,D0718,"Hybrid roles, tanking, and damage",Class identity and distinctiveness,0.060337123080640584,0.0,0.0,0.0,0.0,0.0,0.0
Q14,D0719,"Hybrid roles, tanking, and damage",Engaging active rotation,0.0,0.0,0.0,0.0,0.0,0.0,0.0
Q14,D0720,Engaging active rotation,Energy waiting and downtime,0.0,0.0,0.0,0.0,0.0030676542796183462,0.05243963479961217,0.0
Q14,D0721,"Hybrid roles, tanking, and damage",Engaging active rotation,0.06990571386549323,0.0,0.0,0.0,0.0,0.05818852758548019,0.0
Q14,D0722,"Hybrid roles, tanking, and damage","Powershifting, engagement, and identity",0.06321427274298458,0.02960010958125405,0.0,0.0,0.0,0.0,0.0
Q14,D0723,Engaging active rotation,"Hybrid roles, tanking, and damage",0.05526417873591626,0.0,0.0,0.0,0.0,0.10709655874199688,0.0
Q14,D0724,"Powershifting, engagement, and identity","Hybrid roles, tanking, and damage",0.028792224886334337,0.05346380030789969,0.0,0.0,0.0,0.02540761082821747,0.02550564191913476
Q14,D0725,"Hybrid roles, tanking, and damage",Energy waiting and downtime,0.10161199264474124,0.011421248335027825,0.0,0.0,0.022432872862131033,0.0,0.008183115437437317
Q14,D0726,APM and skill expression,Slow or boring rotation,0.0,0.0,0.1630670968972756,0.14718756738526523,0.0,0.0,0.0
Q14,D0727,Class identity and distinctiveness,Energy waiting and downtime,0.015379321329964881,0.017054020206300435,0.0,0.0,0.06214307673750446,0.015790492197870012,0.11670425402210573
Q14,D0728,Class identity and distinctiveness,"Hybrid roles, tanking, and damage",0.03557776098948624,0.0,0.0,0.0,0.0,0.0,0.10479135421960813
Q14,D0729,Engaging active rotation,Class identity and distinctiveness,0.02815135685735201,0.0,0.0,0.0,0.0,0.129667679666701,0.11869008782929824
Q14,D0730,"Powershifting, engagement, and identity",Class identity and distinctiveness,0.0,0.226527995625806,0.0,0.0,0.0,0.0,0.0
Q14,D0731,"Hybrid roles, tanking, and damage",Energy waiting and downtime,0.009936734383218696,0.0,0.0,0.0,0.0071108642843640294,0.0,0.0
Q14,D0732,Energy waiting and downtime,APM and skill expression,0.0,0.0,0.017078209671956338,0.0,0.07380220574493232,0.0,0.0
Q14,D0733,"Hybrid roles, tanking, and damage",Class identity and distinctiveness,0.009947090110731823,0.0,0.0,0.0,0.0,0.0,0.0
Q14,D0734,"Powershifting, engagement, and identity",APM and skill expression,0.0,0.08543784230460198,0.0036439241842727995,0.0,0.0,0.0,0.0
Q14,D0735,APM and skill expression,"Hybrid roles, tanking, and damage",0.06911062541454918,0.0,0.14622957654791563,0.0,0.0,0.0,0.0
Q14,D0736,"Hybrid roles, tanking, and damage",Class identity and distinctiveness,0.0161285369122175,0.0,0.0,0.0,0.0,0.0,0.0
Q14,D0737,"Powershifting, engagement, and identity","Hybrid roles, tanking, and damage",2.1707579692934972e-05,0.05762813129401189,0.0,0.0,0.0,0.0,0.0
Q14,D0738,Energy waiting and downtime,"Powershifting, engagement, and identity",0.016910525316484668,0.036716632871807306,0.0,0.0,0.06107061456625717,0.0,0.0
Q14,D0739,"Hybrid roles, tanking, and damage",Energy waiting and downtime,0.02398538937593938,0.0,0.0,0.0,0.008679600073813423,0.003507783156122494,0.0
Q14,D0740,"Powershifting, engagement, and identity","Hybrid roles, tanking, and damage",0.00747520969406769,0.031192057282604324,0.0,0.0,0.0030290427079760767,0.0,0.0
Q14,D0741,Engaging active rotation,"Hybrid roles, tanking, and damage",0.03184946027641121,0.0,0.0,0.0,0.0015216330183838898,0.054339620317946126,0.013512623277449476
Q14,D0742,"Hybrid roles, tanking, and damage",Class identity and distinctiveness,0.0785419505415441,0.0,0.0,0.0,0.0,0.0,0.0
Q14,D0743,Slow or boring rotation,Energy waiting and downtime,0.0,0.0,0.0,0.3147075016585529,0.030243255300290216,0.0,0.0
Q14,D0744,Class identity and distinctiveness,Energy waiting and downtime,0.0049020707201230945,0.0,0.01065263565706401,8.657267465445457e-05,0.02344188199479609,0.005818969620913554,0.03892651606589276
Q14,D0745,"Hybrid roles, tanking, and damage",Class identity and distinctiveness,0.02995774340662453,0.0,0.0,0.0,0.0,0.0,0.0
Q14,D0746,"Hybrid roles, tanking, and damage",Engaging active rotation,0.07025237314879451,0.03972840899607623,0.0,0.0,0.03588403931358716,0.04424229976937002,0.0
Q14,D0747,"Hybrid roles, tanking, and damage",Class identity and distinctiveness,0.04103155577846349,0.0,0.0,0.0,0.0,0.0,0.0
Q14,D0748,Energy waiting and downtime,Class identity and distinctiveness,0.0,0.0,0.0,0.0,0.18127720312921472,0.0,0.031135260642786683
Q14,D0749,APM and skill expression,Class identity and distinctiveness,0.0,0.0,0.024108933141438804,0.0,0.0,0.0,0.0
Q14,D0750,Class identity and distinctiveness,Engaging active rotation,0.0,0.0,0.0,0.0,0.0,0.0,0.0712425847177887
Q14,D0751,"Hybrid roles, tanking, and damage",Engaging active rotation,0.04179043341788986,0.0,0.0,0.0,0.0,0.03669726717763793,0.0
Q14,D0752,"Hybrid roles, tanking, and damage",Engaging active rotation,0.03469044890625483,0.0,0.0,0.0,0.0,0.004502682981383183,0.0
